﻿<DbObjects><DbObject Display="UNSGroupB.CCC_PrivDataKeys" Version="2"><Key><Table Name="QBMCustomSQL" Display="UNSGroupB.CCC_PrivDataKeys" Key="CCC-0507CAEE1B129F4A1DA6AD6847A85951"><Prop Name="UID_QBMCustomSQL"><Value>CCC-0507CAEE1B129F4A1DA6AD6847A85951</Value></Prop></Table></Key><Columns><Column Name="Remarks"><Value /></Column><Column Name="ScriptCode" Display=" &#xD;&#xA; if not exists (select top 1 1&#xD;&#xA;				 from QBM_VSchemaColumns&#xD;&#xA;					where table_name = 'UNSGroupB'&#xD;&#xA;						and column_name = 'CCC_PrivDataKeys'&#xD;&#xA;				)&#xD;&#xA;  begin&#xD;&#xA;	alter table UNSGroupB  add CCC_PrivDataKeys nvarchar(1500) collate database_default NULL&#xD;&#xA;  end"><Value> 
 if not exists (select top 1 1
				 from QBM_VSchemaColumns
					where table_name = 'UNSGroupB'
						and column_name = 'CCC_PrivDataKeys'
				)
  begin
	alter table UNSGroupB  add CCC_PrivDataKeys nvarchar(1500) collate database_default NULL
  end</Value></Column><Column Name="ScriptName" Display="UNSGroupB.CCC_PrivDataKeys"><Value>UNSGroupB.CCC_PrivDataKeys</Value></Column><Column Name="ScriptType" Display="Column"><Value>C</Value></Column><Column Name="SortOrder" Display="0"><Value>0</Value></Column><Column Name="UID_QBMCustomSQL" Display="CCC-0507CAEE1B129F4A1DA6AD6847A85951"><Value>CCC-0507CAEE1B129F4A1DA6AD6847A85951</Value></Column><Column Name="XDateInserted" Display="1/20/2020 11:25:58 AM"><Value>2020-01-20T19:25:58.8900000Z</Value></Column><Column Name="XDateUpdated" Display="4/8/2021 12:49:13 AM"><Value>2021-04-08T07:49:13.9470000Z</Value></Column><Column Name="XObjectKey" Display="&lt;Key&gt;&lt;T&gt;QBMCustomSQL&lt;/T&gt;&lt;P&gt;CCC-0507CAEE1B129F4A1DA6AD6847A85951&lt;/P&gt;&lt;/Key&gt;"><Value>&lt;Key&gt;&lt;T&gt;QBMCustomSQL&lt;/T&gt;&lt;P&gt;CCC-0507CAEE1B129F4A1DA6AD6847A85951&lt;/P&gt;&lt;/Key&gt;</Value></Column><Column Name="XTouched" Display="I"><Value>I</Value></Column><Column Name="XUserInserted" Display="Paul"><Value>Paul</Value></Column><Column Name="XUserUpdated" Display="Paul"><Value>Paul</Value></Column></Columns></DbObject><DbObject Display="UNSAccountB.CCC_ObjectKeyNamespace" Version="2"><Key><Table Name="QBMCustomSQL" Display="UNSAccountB.CCC_ObjectKeyNamespace" Key="CCC-121C932BB51E66D0D6BA411F4C75EDC3"><Prop Name="UID_QBMCustomSQL"><Value>CCC-121C932BB51E66D0D6BA411F4C75EDC3</Value></Prop></Table></Key><Columns><Column Name="Remarks"><Value /></Column><Column Name="ScriptCode" Display=" &#xD;&#xA; if not exists (select top 1 1&#xD;&#xA;				 from QBM_VSchemaColumns&#xD;&#xA;					where table_name = 'UNSAccountB'&#xD;&#xA;						and column_name = 'CCC_ObjectKeyNamespace'&#xD;&#xA;				)&#xD;&#xA;  begin&#xD;&#xA;	alter table UNSAccountB  add CCC_ObjectKeyNamespace nvarchar(256) collate database_default NULL&#xD;&#xA;  end"><Value> 
 if not exists (select top 1 1
				 from QBM_VSchemaColumns
					where table_name = 'UNSAccountB'
						and column_name = 'CCC_ObjectKeyNamespace'
				)
  begin
	alter table UNSAccountB  add CCC_ObjectKeyNamespace nvarchar(256) collate database_default NULL
  end</Value></Column><Column Name="ScriptName" Display="UNSAccountB.CCC_ObjectKeyNamespace"><Value>UNSAccountB.CCC_ObjectKeyNamespace</Value></Column><Column Name="ScriptType" Display="Column"><Value>C</Value></Column><Column Name="SortOrder" Display="0"><Value>0</Value></Column><Column Name="UID_QBMCustomSQL" Display="CCC-121C932BB51E66D0D6BA411F4C75EDC3"><Value>CCC-121C932BB51E66D0D6BA411F4C75EDC3</Value></Column><Column Name="XDateInserted" Display="1/20/2020 11:25:58 AM"><Value>2020-01-20T19:25:58.8830000Z</Value></Column><Column Name="XDateUpdated" Display="4/9/2021 3:29:12 AM"><Value>2021-04-09T10:29:12.2870000Z</Value></Column><Column Name="XObjectKey" Display="&lt;Key&gt;&lt;T&gt;QBMCustomSQL&lt;/T&gt;&lt;P&gt;CCC-121C932BB51E66D0D6BA411F4C75EDC3&lt;/P&gt;&lt;/Key&gt;"><Value>&lt;Key&gt;&lt;T&gt;QBMCustomSQL&lt;/T&gt;&lt;P&gt;CCC-121C932BB51E66D0D6BA411F4C75EDC3&lt;/P&gt;&lt;/Key&gt;</Value></Column><Column Name="XTouched" Display="I"><Value>I</Value></Column><Column Name="XUserInserted" Display="Paul"><Value>Paul</Value></Column><Column Name="XUserUpdated" Display="Paul"><Value>Paul</Value></Column></Columns></DbObject><DbObject Display="UNSGroupB.CCC_PrivDataValues" Version="2"><Key><Table Name="QBMCustomSQL" Display="UNSGroupB.CCC_PrivDataValues" Key="CCC-2CADE3CF37C526B567F9C490CB9BC60B"><Prop Name="UID_QBMCustomSQL"><Value>CCC-2CADE3CF37C526B567F9C490CB9BC60B</Value></Prop></Table></Key><Columns><Column Name="Remarks"><Value /></Column><Column Name="ScriptCode" Display=" &#xD;&#xA; if not exists (select top 1 1&#xD;&#xA;				 from QBM_VSchemaColumns&#xD;&#xA;					where table_name = 'UNSGroupB'&#xD;&#xA;						and column_name = 'CCC_PrivDataValues'&#xD;&#xA;				)&#xD;&#xA;  begin&#xD;&#xA;	alter table UNSGroupB  add CCC_PrivDataValues nvarchar(1500) collate database_default NULL&#xD;&#xA;  end"><Value> 
 if not exists (select top 1 1
				 from QBM_VSchemaColumns
					where table_name = 'UNSGroupB'
						and column_name = 'CCC_PrivDataValues'
				)
  begin
	alter table UNSGroupB  add CCC_PrivDataValues nvarchar(1500) collate database_default NULL
  end</Value></Column><Column Name="ScriptName" Display="UNSGroupB.CCC_PrivDataValues"><Value>UNSGroupB.CCC_PrivDataValues</Value></Column><Column Name="ScriptType" Display="Column"><Value>C</Value></Column><Column Name="SortOrder" Display="0"><Value>0</Value></Column><Column Name="UID_QBMCustomSQL" Display="CCC-2CADE3CF37C526B567F9C490CB9BC60B"><Value>CCC-2CADE3CF37C526B567F9C490CB9BC60B</Value></Column><Column Name="XDateInserted" Display="1/20/2020 11:25:58 AM"><Value>2020-01-20T19:25:58.8900000Z</Value></Column><Column Name="XDateUpdated" Display="4/9/2021 3:29:12 AM"><Value>2021-04-09T10:29:12.2870000Z</Value></Column><Column Name="XObjectKey" Display="&lt;Key&gt;&lt;T&gt;QBMCustomSQL&lt;/T&gt;&lt;P&gt;CCC-2CADE3CF37C526B567F9C490CB9BC60B&lt;/P&gt;&lt;/Key&gt;"><Value>&lt;Key&gt;&lt;T&gt;QBMCustomSQL&lt;/T&gt;&lt;P&gt;CCC-2CADE3CF37C526B567F9C490CB9BC60B&lt;/P&gt;&lt;/Key&gt;</Value></Column><Column Name="XTouched" Display="I"><Value>I</Value></Column><Column Name="XUserInserted" Display="Paul"><Value>Paul</Value></Column><Column Name="XUserUpdated" Display="Paul"><Value>Paul</Value></Column></Columns></DbObject><DbObject Display="UNSGroupB.CCC_Permissions" Version="2"><Key><Table Name="QBMCustomSQL" Display="UNSGroupB.CCC_Permissions" Key="CCC-4E3E9CD52B0A227A2B112947BA244A0A"><Prop Name="UID_QBMCustomSQL"><Value>CCC-4E3E9CD52B0A227A2B112947BA244A0A</Value></Prop></Table></Key><Columns><Column Name="Remarks"><Value /></Column><Column Name="ScriptCode" Display=" &#xD;&#xA; if not exists (select top 1 1&#xD;&#xA;				 from QBM_VSchemaColumns&#xD;&#xA;					where table_name = 'UNSGroupB'&#xD;&#xA;						and column_name = 'CCC_Permissions'&#xD;&#xA;				)&#xD;&#xA;  begin&#xD;&#xA;	alter table UNSGroupB  add CCC_Permissions nvarchar(1024) collate database_default NULL&#xD;&#xA;  end"><Value> 
 if not exists (select top 1 1
				 from QBM_VSchemaColumns
					where table_name = 'UNSGroupB'
						and column_name = 'CCC_Permissions'
				)
  begin
	alter table UNSGroupB  add CCC_Permissions nvarchar(1024) collate database_default NULL
  end</Value></Column><Column Name="ScriptName" Display="UNSGroupB.CCC_Permissions"><Value>UNSGroupB.CCC_Permissions</Value></Column><Column Name="ScriptType" Display="Column"><Value>C</Value></Column><Column Name="SortOrder" Display="0"><Value>0</Value></Column><Column Name="UID_QBMCustomSQL" Display="CCC-4E3E9CD52B0A227A2B112947BA244A0A"><Value>CCC-4E3E9CD52B0A227A2B112947BA244A0A</Value></Column><Column Name="XDateInserted" Display="1/20/2020 11:25:58 AM"><Value>2020-01-20T19:25:58.8900000Z</Value></Column><Column Name="XDateUpdated" Display="4/9/2021 3:29:12 AM"><Value>2021-04-09T10:29:12.2870000Z</Value></Column><Column Name="XObjectKey" Display="&lt;Key&gt;&lt;T&gt;QBMCustomSQL&lt;/T&gt;&lt;P&gt;CCC-4E3E9CD52B0A227A2B112947BA244A0A&lt;/P&gt;&lt;/Key&gt;"><Value>&lt;Key&gt;&lt;T&gt;QBMCustomSQL&lt;/T&gt;&lt;P&gt;CCC-4E3E9CD52B0A227A2B112947BA244A0A&lt;/P&gt;&lt;/Key&gt;</Value></Column><Column Name="XTouched" Display="I"><Value>I</Value></Column><Column Name="XUserInserted" Display="Paul"><Value>Paul</Value></Column><Column Name="XUserUpdated" Display="Paul"><Value>Paul</Value></Column></Columns></DbObject><DbObject Display="UNSAccountB.CCC_ResourceType" Version="2"><Key><Table Name="QBMCustomSQL" Display="UNSAccountB.CCC_ResourceType" Key="CCC-5CD9920B0B32B349C4A6CEAF26222616"><Prop Name="UID_QBMCustomSQL"><Value>CCC-5CD9920B0B32B349C4A6CEAF26222616</Value></Prop></Table></Key><Columns><Column Name="Remarks"><Value /></Column><Column Name="ScriptCode" Display=" &#xD;&#xA; if not exists (select top 1 1&#xD;&#xA;				 from QBM_VSchemaColumns&#xD;&#xA;					where table_name = 'UNSAccountB'&#xD;&#xA;						and column_name = 'CCC_ResourceType'&#xD;&#xA;				)&#xD;&#xA;  begin&#xD;&#xA;	alter table UNSAccountB  add CCC_ResourceType nvarchar(265) collate database_default NULL&#xD;&#xA;  end"><Value> 
 if not exists (select top 1 1
				 from QBM_VSchemaColumns
					where table_name = 'UNSAccountB'
						and column_name = 'CCC_ResourceType'
				)
  begin
	alter table UNSAccountB  add CCC_ResourceType nvarchar(265) collate database_default NULL
  end</Value></Column><Column Name="ScriptName" Display="UNSAccountB.CCC_ResourceType"><Value>UNSAccountB.CCC_ResourceType</Value></Column><Column Name="ScriptType" Display="Column"><Value>C</Value></Column><Column Name="SortOrder" Display="0"><Value>0</Value></Column><Column Name="UID_QBMCustomSQL" Display="CCC-5CD9920B0B32B349C4A6CEAF26222616"><Value>CCC-5CD9920B0B32B349C4A6CEAF26222616</Value></Column><Column Name="XDateInserted" Display="1/20/2020 11:25:58 AM"><Value>2020-01-20T19:25:58.8830000Z</Value></Column><Column Name="XDateUpdated" Display="4/9/2021 3:29:12 AM"><Value>2021-04-09T10:29:12.2870000Z</Value></Column><Column Name="XObjectKey" Display="&lt;Key&gt;&lt;T&gt;QBMCustomSQL&lt;/T&gt;&lt;P&gt;CCC-5CD9920B0B32B349C4A6CEAF26222616&lt;/P&gt;&lt;/Key&gt;"><Value>&lt;Key&gt;&lt;T&gt;QBMCustomSQL&lt;/T&gt;&lt;P&gt;CCC-5CD9920B0B32B349C4A6CEAF26222616&lt;/P&gt;&lt;/Key&gt;</Value></Column><Column Name="XTouched" Display="I"><Value>I</Value></Column><Column Name="XUserInserted" Display="Paul"><Value>Paul</Value></Column><Column Name="XUserUpdated" Display="Paul"><Value>Paul</Value></Column></Columns></DbObject><DbObject Display="UNSGroupB.CCC_ObjectGUID" Version="2"><Key><Table Name="QBMCustomSQL" Display="UNSGroupB.CCC_ObjectGUID" Key="CCC-619C8A53F3967F6A7ADB950C5358BD2F"><Prop Name="UID_QBMCustomSQL"><Value>CCC-619C8A53F3967F6A7ADB950C5358BD2F</Value></Prop></Table></Key><Columns><Column Name="Remarks"><Value /></Column><Column Name="ScriptCode" Display=" &#xD;&#xA; if not exists (select top 1 1&#xD;&#xA;				 from QBM_VSchemaColumns&#xD;&#xA;					where table_name = 'UNSGroupB'&#xD;&#xA;						and column_name = 'CCC_ObjectGUID'&#xD;&#xA;				)&#xD;&#xA;  begin&#xD;&#xA;	alter table UNSGroupB  add CCC_ObjectGUID nvarchar(1700) collate database_default NULL&#xD;&#xA;  end"><Value> 
 if not exists (select top 1 1
				 from QBM_VSchemaColumns
					where table_name = 'UNSGroupB'
						and column_name = 'CCC_ObjectGUID'
				)
  begin
	alter table UNSGroupB  add CCC_ObjectGUID nvarchar(1700) collate database_default NULL
  end</Value></Column><Column Name="ScriptName" Display="UNSGroupB.CCC_ObjectGUID"><Value>UNSGroupB.CCC_ObjectGUID</Value></Column><Column Name="ScriptType" Display="Column"><Value>C</Value></Column><Column Name="SortOrder" Display="0"><Value>0</Value></Column><Column Name="UID_QBMCustomSQL" Display="CCC-619C8A53F3967F6A7ADB950C5358BD2F"><Value>CCC-619C8A53F3967F6A7ADB950C5358BD2F</Value></Column><Column Name="XDateInserted" Display="1/20/2020 11:25:58 AM"><Value>2020-01-20T19:25:58.8900000Z</Value></Column><Column Name="XDateUpdated" Display="4/9/2021 3:29:12 AM"><Value>2021-04-09T10:29:12.2870000Z</Value></Column><Column Name="XObjectKey" Display="&lt;Key&gt;&lt;T&gt;QBMCustomSQL&lt;/T&gt;&lt;P&gt;CCC-619C8A53F3967F6A7ADB950C5358BD2F&lt;/P&gt;&lt;/Key&gt;"><Value>&lt;Key&gt;&lt;T&gt;QBMCustomSQL&lt;/T&gt;&lt;P&gt;CCC-619C8A53F3967F6A7ADB950C5358BD2F&lt;/P&gt;&lt;/Key&gt;</Value></Column><Column Name="XTouched" Display="I"><Value>I</Value></Column><Column Name="XUserInserted" Display="Paul"><Value>Paul</Value></Column><Column Name="XUserUpdated" Display="Paul"><Value>Paul</Value></Column></Columns></DbObject><DbObject Display="UNSGroupB.CCC_ObjectKeyNamespace" Version="2"><Key><Table Name="QBMCustomSQL" Display="UNSGroupB.CCC_ObjectKeyNamespace" Key="CCC-66C2810883F958CA5CD26C9CE5DD2E15"><Prop Name="UID_QBMCustomSQL"><Value>CCC-66C2810883F958CA5CD26C9CE5DD2E15</Value></Prop></Table></Key><Columns><Column Name="Remarks"><Value /></Column><Column Name="ScriptCode" Display=" &#xD;&#xA; if not exists (select top 1 1&#xD;&#xA;				 from QBM_VSchemaColumns&#xD;&#xA;					where table_name = 'UNSGroupB'&#xD;&#xA;						and column_name = 'CCC_ObjectKeyNamespace'&#xD;&#xA;				)&#xD;&#xA;  begin&#xD;&#xA;	alter table UNSGroupB  add CCC_ObjectKeyNamespace nvarchar(256) collate database_default NULL&#xD;&#xA;  end"><Value> 
 if not exists (select top 1 1
				 from QBM_VSchemaColumns
					where table_name = 'UNSGroupB'
						and column_name = 'CCC_ObjectKeyNamespace'
				)
  begin
	alter table UNSGroupB  add CCC_ObjectKeyNamespace nvarchar(256) collate database_default NULL
  end</Value></Column><Column Name="ScriptName" Display="UNSGroupB.CCC_ObjectKeyNamespace"><Value>UNSGroupB.CCC_ObjectKeyNamespace</Value></Column><Column Name="ScriptType" Display="Column"><Value>C</Value></Column><Column Name="SortOrder" Display="0"><Value>0</Value></Column><Column Name="UID_QBMCustomSQL" Display="CCC-66C2810883F958CA5CD26C9CE5DD2E15"><Value>CCC-66C2810883F958CA5CD26C9CE5DD2E15</Value></Column><Column Name="XDateInserted" Display="1/20/2020 11:25:58 AM"><Value>2020-01-20T19:25:58.8900000Z</Value></Column><Column Name="XDateUpdated" Display="4/9/2021 3:29:12 AM"><Value>2021-04-09T10:29:12.2870000Z</Value></Column><Column Name="XObjectKey" Display="&lt;Key&gt;&lt;T&gt;QBMCustomSQL&lt;/T&gt;&lt;P&gt;CCC-66C2810883F958CA5CD26C9CE5DD2E15&lt;/P&gt;&lt;/Key&gt;"><Value>&lt;Key&gt;&lt;T&gt;QBMCustomSQL&lt;/T&gt;&lt;P&gt;CCC-66C2810883F958CA5CD26C9CE5DD2E15&lt;/P&gt;&lt;/Key&gt;</Value></Column><Column Name="XTouched" Display="I"><Value>I</Value></Column><Column Name="XUserInserted" Display="Paul"><Value>Paul</Value></Column><Column Name="XUserUpdated" Display="Paul"><Value>Paul</Value></Column></Columns></DbObject><DbObject Display="UNSAccountB.CCC_LinkedAttribute" Version="2"><Key><Table Name="QBMCustomSQL" Display="UNSAccountB.CCC_LinkedAttribute" Key="CCC-8F30D689C3B607975AA806577E3EB6F1"><Prop Name="UID_QBMCustomSQL"><Value>CCC-8F30D689C3B607975AA806577E3EB6F1</Value></Prop></Table></Key><Columns><Column Name="Remarks"><Value /></Column><Column Name="ScriptCode" Display=" &#xD;&#xA; if not exists (select top 1 1&#xD;&#xA;				 from QBM_VSchemaColumns&#xD;&#xA;					where table_name = 'UNSAccountB'&#xD;&#xA;						and column_name = 'CCC_LinkedAttribute'&#xD;&#xA;				)&#xD;&#xA;  begin&#xD;&#xA;	alter table UNSAccountB  add CCC_LinkedAttribute nvarchar(400) collate database_default NULL&#xD;&#xA;  end"><Value> 
 if not exists (select top 1 1
				 from QBM_VSchemaColumns
					where table_name = 'UNSAccountB'
						and column_name = 'CCC_LinkedAttribute'
				)
  begin
	alter table UNSAccountB  add CCC_LinkedAttribute nvarchar(400) collate database_default NULL
  end</Value></Column><Column Name="ScriptName" Display="UNSAccountB.CCC_LinkedAttribute"><Value>UNSAccountB.CCC_LinkedAttribute</Value></Column><Column Name="ScriptType" Display="Column"><Value>C</Value></Column><Column Name="SortOrder" Display="0"><Value>0</Value></Column><Column Name="UID_QBMCustomSQL" Display="CCC-8F30D689C3B607975AA806577E3EB6F1"><Value>CCC-8F30D689C3B607975AA806577E3EB6F1</Value></Column><Column Name="XDateInserted" Display="1/20/2020 11:25:58 AM"><Value>2020-01-20T19:25:58.8830000Z</Value></Column><Column Name="XDateUpdated" Display="4/9/2021 3:29:12 AM"><Value>2021-04-09T10:29:12.2870000Z</Value></Column><Column Name="XObjectKey" Display="&lt;Key&gt;&lt;T&gt;QBMCustomSQL&lt;/T&gt;&lt;P&gt;CCC-8F30D689C3B607975AA806577E3EB6F1&lt;/P&gt;&lt;/Key&gt;"><Value>&lt;Key&gt;&lt;T&gt;QBMCustomSQL&lt;/T&gt;&lt;P&gt;CCC-8F30D689C3B607975AA806577E3EB6F1&lt;/P&gt;&lt;/Key&gt;</Value></Column><Column Name="XTouched" Display="I"><Value>I</Value></Column><Column Name="XUserInserted" Display="Paul"><Value>Paul</Value></Column><Column Name="XUserUpdated" Display="Paul"><Value>Paul</Value></Column></Columns></DbObject><DbObject Display="UNSGroupB.CCC_ResourceType" Version="2"><Key><Table Name="QBMCustomSQL" Display="UNSGroupB.CCC_ResourceType" Key="CCC-D3824CB8A4A332F062D8AB20A78D8B59"><Prop Name="UID_QBMCustomSQL"><Value>CCC-D3824CB8A4A332F062D8AB20A78D8B59</Value></Prop></Table></Key><Columns><Column Name="Remarks"><Value /></Column><Column Name="ScriptCode" Display=" &#xD;&#xA; if not exists (select top 1 1&#xD;&#xA;				 from QBM_VSchemaColumns&#xD;&#xA;					where table_name = 'UNSGroupB'&#xD;&#xA;						and column_name = 'CCC_ResourceType'&#xD;&#xA;				)&#xD;&#xA;  begin&#xD;&#xA;	alter table UNSGroupB  add CCC_ResourceType nvarchar(256) collate database_default NULL&#xD;&#xA;  end"><Value> 
 if not exists (select top 1 1
				 from QBM_VSchemaColumns
					where table_name = 'UNSGroupB'
						and column_name = 'CCC_ResourceType'
				)
  begin
	alter table UNSGroupB  add CCC_ResourceType nvarchar(256) collate database_default NULL
  end</Value></Column><Column Name="ScriptName" Display="UNSGroupB.CCC_ResourceType"><Value>UNSGroupB.CCC_ResourceType</Value></Column><Column Name="ScriptType" Display="Column"><Value>C</Value></Column><Column Name="SortOrder" Display="0"><Value>0</Value></Column><Column Name="UID_QBMCustomSQL" Display="CCC-D3824CB8A4A332F062D8AB20A78D8B59"><Value>CCC-D3824CB8A4A332F062D8AB20A78D8B59</Value></Column><Column Name="XDateInserted" Display="1/20/2020 11:25:58 AM"><Value>2020-01-20T19:25:58.8900000Z</Value></Column><Column Name="XDateUpdated" Display="4/9/2021 3:29:12 AM"><Value>2021-04-09T10:29:12.2870000Z</Value></Column><Column Name="XObjectKey" Display="&lt;Key&gt;&lt;T&gt;QBMCustomSQL&lt;/T&gt;&lt;P&gt;CCC-D3824CB8A4A332F062D8AB20A78D8B59&lt;/P&gt;&lt;/Key&gt;"><Value>&lt;Key&gt;&lt;T&gt;QBMCustomSQL&lt;/T&gt;&lt;P&gt;CCC-D3824CB8A4A332F062D8AB20A78D8B59&lt;/P&gt;&lt;/Key&gt;</Value></Column><Column Name="XTouched" Display="I"><Value>I</Value></Column><Column Name="XUserInserted" Display="Paul"><Value>Paul</Value></Column><Column Name="XUserUpdated" Display="Paul"><Value>Paul</Value></Column></Columns></DbObject><DbObject Display="UNSGroupB.CCC_LinkedAttribute" Version="2"><Key><Table Name="QBMCustomSQL" Display="UNSGroupB.CCC_LinkedAttribute" Key="CCC-D6734F7A1285FC2545C09C1F91094E23"><Prop Name="UID_QBMCustomSQL"><Value>CCC-D6734F7A1285FC2545C09C1F91094E23</Value></Prop></Table></Key><Columns><Column Name="Remarks"><Value /></Column><Column Name="ScriptCode" Display=" &#xD;&#xA; if not exists (select top 1 1&#xD;&#xA;				 from QBM_VSchemaColumns&#xD;&#xA;					where table_name = 'UNSGroupB'&#xD;&#xA;						and column_name = 'CCC_LinkedAttribute'&#xD;&#xA;				)&#xD;&#xA;  begin&#xD;&#xA;	alter table UNSGroupB  add CCC_LinkedAttribute nvarchar(400) collate database_default NULL&#xD;&#xA;  end"><Value> 
 if not exists (select top 1 1
				 from QBM_VSchemaColumns
					where table_name = 'UNSGroupB'
						and column_name = 'CCC_LinkedAttribute'
				)
  begin
	alter table UNSGroupB  add CCC_LinkedAttribute nvarchar(400) collate database_default NULL
  end</Value></Column><Column Name="ScriptName" Display="UNSGroupB.CCC_LinkedAttribute"><Value>UNSGroupB.CCC_LinkedAttribute</Value></Column><Column Name="ScriptType" Display="Column"><Value>C</Value></Column><Column Name="SortOrder" Display="0"><Value>0</Value></Column><Column Name="UID_QBMCustomSQL" Display="CCC-D6734F7A1285FC2545C09C1F91094E23"><Value>CCC-D6734F7A1285FC2545C09C1F91094E23</Value></Column><Column Name="XDateInserted" Display="1/20/2020 11:25:58 AM"><Value>2020-01-20T19:25:58.8900000Z</Value></Column><Column Name="XDateUpdated" Display="4/9/2021 3:29:12 AM"><Value>2021-04-09T10:29:12.2870000Z</Value></Column><Column Name="XObjectKey" Display="&lt;Key&gt;&lt;T&gt;QBMCustomSQL&lt;/T&gt;&lt;P&gt;CCC-D6734F7A1285FC2545C09C1F91094E23&lt;/P&gt;&lt;/Key&gt;"><Value>&lt;Key&gt;&lt;T&gt;QBMCustomSQL&lt;/T&gt;&lt;P&gt;CCC-D6734F7A1285FC2545C09C1F91094E23&lt;/P&gt;&lt;/Key&gt;</Value></Column><Column Name="XTouched" Display="I"><Value>I</Value></Column><Column Name="XUserInserted" Display="Paul"><Value>Paul</Value></Column><Column Name="XUserUpdated" Display="Paul"><Value>Paul</Value></Column></Columns></DbObject><DbObject Display="UNSGroupB.CCC_UNSGroupB000" Version="2"><Key><Table Name="QBMCustomSQL" Display="UNSGroupB.CCC_UNSGroupB000" Key="CCC-F080AB7FC066B9534D40C5219B998FCA"><Prop Name="UID_QBMCustomSQL"><Value>CCC-F080AB7FC066B9534D40C5219B998FCA</Value></Prop></Table></Key><Columns><Column Name="Remarks"><Value /></Column><Column Name="ScriptCode" Display="exec QBM_PIndexCreate 'UNSGroupB', 'CCC_UNSGroupB000', 0, 'CCC_ObjectGUID'"><Value>exec QBM_PIndexCreate 'UNSGroupB', 'CCC_UNSGroupB000', 0, 'CCC_ObjectGUID'</Value></Column><Column Name="ScriptName" Display="UNSGroupB.CCC_UNSGroupB000"><Value>UNSGroupB.CCC_UNSGroupB000</Value></Column><Column Name="ScriptType" Display="Index"><Value>I</Value></Column><Column Name="SortOrder" Display="0"><Value>0</Value></Column><Column Name="UID_QBMCustomSQL" Display="CCC-F080AB7FC066B9534D40C5219B998FCA"><Value>CCC-F080AB7FC066B9534D40C5219B998FCA</Value></Column><Column Name="XDateInserted" Display="1/20/2020 11:25:58 AM"><Value>2020-01-20T19:25:58.8900000Z</Value></Column><Column Name="XDateUpdated" Display="4/9/2021 3:29:12 AM"><Value>2021-04-09T10:29:12.2870000Z</Value></Column><Column Name="XObjectKey" Display="&lt;Key&gt;&lt;T&gt;QBMCustomSQL&lt;/T&gt;&lt;P&gt;CCC-F080AB7FC066B9534D40C5219B998FCA&lt;/P&gt;&lt;/Key&gt;"><Value>&lt;Key&gt;&lt;T&gt;QBMCustomSQL&lt;/T&gt;&lt;P&gt;CCC-F080AB7FC066B9534D40C5219B998FCA&lt;/P&gt;&lt;/Key&gt;</Value></Column><Column Name="XTouched" Display="I"><Value>I</Value></Column><Column Name="XUserInserted" Display="Paul"><Value>Paul</Value></Column><Column Name="XUserUpdated" Display="Paul"><Value>Paul</Value></Column></Columns></DbObject></DbObjects>