<DBTransporter Version="3.0">
  <Header>
    <Parameter Name="Display">Q4KXKMC2\OneIMv81SP1</Parameter>
    <Parameter Name="Edition">STE</Parameter>
    <Parameter Name="Version">8.1</Parameter>
    <Parameter Name="DBSystem">MSSQL</Parameter>
    <Parameter Name="DBServer">Q4KXKMC2</Parameter>
    <Parameter Name="DBName">OneIMv81SP1</Parameter>
    <Parameter Name="UserDisplay">Paul</Parameter>
    <Parameter Name="UserName">Paul</Parameter>
    <Parameter Name="ExportDate">2021-09-02 11:07:59</Parameter>
    <Parameter Name="Description">Transports Sync Project Template</Parameter>
    <Parameter Name="Parts">Data</Parameter>
    <Parameter Name="Modules">CCC,DPR</Parameter>
  </Header>
  <Tasks>
    <Task Class="VI.Transport.ObjectTransport, VI.Transport" Display="ObjectTransport">
      <Parameter Name="Costs">S0|C0|D1</Parameter>
      <Parameter Name="TaskPath">ObjectTransport</Parameter>
    </Task>
  </Tasks>
  <Modules>
    <Module Id="CCC" Name="Customer configured content" Version="8.1.4.179" />
    <Module Id="DPR" Name="Target System Synchronization Module" Version="8.1.4.179" />
  </Modules>
</DBTransporter>