﻿<!DOCTYPE ObjectContainer>
<Container>
   <BaseObject><Key>
  <Table Name="DialogTag" Display="SCIM CyberArk Target System" Key="CCC-7EB8468491D62449AC5332CA4DED4094">
    <Prop Name="UID_DialogTag">
      <Value>CCC-7EB8468491D62449AC5332CA4DED4094</Value>
    </Prop>
  </Table>
</Key></BaseObject>
   <DeleteResiduals>true</DeleteResiduals>
   <Relations>
      <Relation Table="DialogTaggedItem" Column="UID_DialogTag" Direction="Both" />
      <Relation Table="QBMTaggedChange" Column="UID_DialogTag" Direction="Both" />
   </Relations>
   <DbObjects>
      <DbObject Display="SCIM CyberArk Target System" Version="2">
         <Key>
            <Table Name="DialogTag" Display="SCIM CyberArk Target System" Key="CCC-7EB8468491D62449AC5332CA4DED4094">
               <Prop Name="UID_DialogTag">
                  <Value>CCC-7EB8468491D62449AC5332CA4DED4094</Value>
               </Prop>
            </Table>
         </Key>
         <Columns>
            <Column Name="Commentary">
               <Value />
            </Column>
            <Column Name="CurrentState">
               <Value />
            </Column>
            <Column Name="CurrentStateRemarks">
               <Value />
            </Column>
            <Column Name="Description">
               <Value />
            </Column>
            <Column Name="Ident_DialogTag" Display="SCIM CyberArk Target System">
               <Value>SCIM CyberArk Target System</Value>
            </Column>
            <Column Name="IsClosed" Display="False">
               <Value>False</Value>
            </Column>
            <Column Name="SortOrder">
               <Value />
            </Column>
            <Column Name="TagType" Display="Change">
               <Value>CHANGE</Value>
            </Column>
            <Column Name="UID_DialogTag" Display="CCC-7EB8468491D62449AC5332CA4DED4094">
               <Value>CCC-7EB8468491D62449AC5332CA4DED4094</Value>
            </Column>
            <Column Name="UID_DialogTagParent">
               <Value />
            </Column>
            <Column Name="XDateInserted" Display="4/1/2021 6:19:20 PM">
               <Value>2021-04-02T01:19:20.4030000Z</Value>
            </Column>
            <Column Name="XDateUpdated" Display="4/8/2021 9:08:27 AM">
               <Value>2021-04-08T16:08:27.9630000Z</Value>
            </Column>
            <Column Name="XMarkedForDeletion">
               <Value>0</Value>
            </Column>
            <Column Name="XObjectKey" Display="&lt;Key&gt;&lt;T&gt;DialogTag&lt;/T&gt;&lt;P&gt;CCC-7EB8468491D62449AC5332CA4DED4094&lt;/P&gt;&lt;/Key&gt;">
               <Value>&lt;Key&gt;&lt;T&gt;DialogTag&lt;/T&gt;&lt;P&gt;CCC-7EB8468491D62449AC5332CA4DED4094&lt;/P&gt;&lt;/Key&gt;</Value>
            </Column>
            <Column Name="XTouched">
               <Value />
            </Column>
            <Column Name="XUserInserted" Display="Paul">
               <Value>Paul</Value>
            </Column>
            <Column Name="XUserUpdated" Display="Paul">
               <Value>Paul</Value>
            </Column>
         </Columns>
      </DbObject>
      <DbObject Display="CCC-7EB8468491D62449AC5332CA4DED4094 - &lt;Key&gt;&lt;T&gt;AccProduct&lt;/T&gt;&lt;P&gt;c6510fa1-7626-4300-aad9-c9d77bf6378f&lt;/P&gt;&lt;/Key&gt;" Version="2">
         <Key>
            <Table Name="QBMTaggedChange" Display="CCC-7EB8468491D62449AC5332CA4DED4094 - &lt;Key&gt;&lt;T&gt;AccProduct&lt;/T&gt;&lt;P&gt;c6510fa1-7626-4300-aad9-c9d77bf6378f&lt;/P&gt;&lt;/Key&gt;" Key="CCC-9D7DECFFDF14A440B5893C9353B0D401">
               <Prop Name="UID_QBMTaggedChange">
                  <Value>CCC-9D7DECFFDF14A440B5893C9353B0D401</Value>
               </Prop>
            </Table>
         </Key>
         <Columns>
            <Column Name="ChangeContent" Display="&lt;DbObject Display=&quot;CyberArk Account&quot; Version=&quot;2&quot;&gt;&lt;Key&gt;&lt;Table Name=&quot;AccProduct&quot; Display=&quot;CyberArk Account&quot; Key=&quot;c6510fa1-7626-4300-aad9-c9d77bf6378f&quot;&gt;&lt;Prop Name=&quot;UID_AccProduct&quot;&gt;&lt;Value&gt;c6510fa1-7626-4300-aad9-c9d77bf6378f&lt;/Value&gt;&lt;/Prop&gt;&lt;/Table&gt;&lt;/Key&gt;&lt;Columns&gt;&lt;Column Name=&quot;ArticleCode&quot;&gt;&lt;Value&gt;&lt;/Value&gt;&lt;/Column&gt;&lt;Column Name=&quot;ArticleCodeForeign&quot;&gt;&lt;Value&gt;&lt;/Value&gt;&lt;/Column&gt;&lt;Column Name=&quot;Availability&quot;&gt;&lt;Value&gt;&lt;/Value&gt;&lt;/Column&gt;&lt;Column Name=&quot;Currency&quot;&gt;&lt;Value&gt;&lt;/Value&gt;&lt;/Column&gt;&lt;Column Name=&quot;CustomProperty01&quot;&gt;&lt;Value&gt;&lt;/Value&gt;&lt;/Column&gt;&lt;Column Name=&quot;CustomProperty02&quot;&gt;&lt;Value&gt;&lt;/Value&gt;&lt;/Column&gt;&lt;Column Name=&quot;CustomProperty03&quot;&gt;&lt;Value&gt;&lt;/Value&gt;&lt;/Column&gt;&lt;Column Name=&quot;CustomProperty04&quot;&gt;&lt;Value&gt;&lt;/Value&gt;&lt;/Column&gt;&lt;Column Name=&quot;CustomProperty05&quot;&gt;&lt;Value&gt;&lt;/Value&gt;&lt;/Column&gt;&lt;Column Name=&quot;CustomProperty06&quot;&gt;&lt;Value&gt;&lt;/Value&gt;&lt;/Column&gt;&lt;Column Name=&quot;CustomProperty07&quot;&gt;&lt;Value&gt;&lt;/Value&gt;&lt;/Column&gt;&lt;Column Name=&quot;CustomProperty08&quot;&gt;&lt;Value&gt;&lt;/Value&gt;&lt;/Column&gt;&lt;Column Name=&quot;CustomProperty09&quot;&gt;&lt;Value&gt;&lt;/Value&gt;&lt;/Column&gt;&lt;Column Name=&quot;CustomProperty10&quot;&gt;&lt;Value&gt;&lt;/Value&gt;&lt;/Column&gt;&lt;Column Name=&quot;Description&quot;&gt;&lt;Value&gt;&lt;/Value&gt;&lt;/Column&gt;&lt;Column Name=&quot;Ident_AccProduct&quot; Display=&quot;CyberArk Account&quot;&gt;&lt;Value&gt;CyberArk Account&lt;/Value&gt;&lt;/Column&gt;&lt;Column Name=&quot;InternalPrice&quot; Display=&quot;0.00&quot;&gt;&lt;Value&gt;0&lt;/Value&gt;&lt;/Column&gt;&lt;Column Name=&quot;InternalRentCharge&quot; Display=&quot;0&quot;&gt;&lt;Value&gt;0&lt;/Value&gt;&lt;/Column&gt;&lt;Column Name=&quot;IsApproveRequiresMfa&quot; Display=&quot;False&quot;&gt;&lt;Value&gt;False&lt;/Value&gt;&lt;/Column&gt;&lt;Column Name=&quot;IsCopyOnShopChange&quot; Display=&quot;True&quot;&gt;&lt;Value&gt;True&lt;/Value&gt;&lt;/Column&gt;&lt;Column Name=&quot;IsInActive&quot; Display=&quot;False&quot;&gt;&lt;Value&gt;False&lt;/Value&gt;&lt;/Column&gt;&lt;Column Name=&quot;IsNoCopyParametersPerson&quot; Display=&quot;False&quot;&gt;&lt;Value&gt;False&lt;/Value&gt;&lt;/Column&gt;&lt;Column Name=&quot;IsSpecialProduct&quot; Display=&quot;False&quot;&gt;&lt;Value&gt;False&lt;/Value&gt;&lt;/Column&gt;&lt;Column Name=&quot;JPegPhoto&quot;&gt;&lt;Value&gt;&lt;/Value&gt;&lt;/Column&gt;&lt;Column Name=&quot;MaxValidDays&quot; Display=&quot;0&quot;&gt;&lt;Value&gt;0&lt;/Value&gt;&lt;/Column&gt;&lt;Column Name=&quot;ModeOfCalculation&quot;&gt;&lt;Value&gt;&lt;/Value&gt;&lt;/Column&gt;&lt;Column Name=&quot;OrderNumber&quot;&gt;&lt;Value&gt;&lt;/Value&gt;&lt;/Column&gt;&lt;Column Name=&quot;ProductURL&quot;&gt;&lt;Value&gt;&lt;/Value&gt;&lt;/Column&gt;&lt;Column Name=&quot;PurchasePrice&quot; Display=&quot;0.00&quot;&gt;&lt;Value&gt;0&lt;/Value&gt;&lt;/Column&gt;&lt;Column Name=&quot;PurchaseRentCharge&quot; Display=&quot;0&quot;&gt;&lt;Value&gt;0&lt;/Value&gt;&lt;/Column&gt;&lt;Column Name=&quot;SalesPrice&quot; Display=&quot;0.00&quot;&gt;&lt;Value&gt;0&lt;/Value&gt;&lt;/Column&gt;&lt;Column Name=&quot;SalesRentCharge&quot; Display=&quot;0&quot;&gt;&lt;Value&gt;0&lt;/Value&gt;&lt;/Column&gt;&lt;Column Name=&quot;SortOrder&quot;&gt;&lt;Value&gt;&lt;/Value&gt;&lt;/Column&gt;&lt;Column Name=&quot;UID_AccProduct&quot; Display=&quot;c6510fa1-7626-4300-aad9-c9d77bf6378f&quot;&gt;&lt;Value&gt;c6510fa1-7626-4300-aad9-c9d77bf6378f&lt;/Value&gt;&lt;/Column&gt;&lt;Column Name=&quot;UID_AccProductGroup&quot; Display=&quot;Cyber-Ark&quot;&gt;&lt;Key&gt;&lt;Table Name=&quot;AccProductGroup&quot; Display=&quot;Cyber-Ark&quot; Key=&quot;bd42c504-4146-47e8-8a89-73da4ab4fafc&quot;&gt;&lt;Prop Name=&quot;UID_AccProductGroup&quot;&gt;&lt;Value&gt;bd42c504-4146-47e8-8a89-73da4ab4fafc&lt;/Value&gt;&lt;/Prop&gt;&lt;/Table&gt;&lt;/Key&gt;&lt;/Column&gt;&lt;Column Name=&quot;UID_AccProductParamCategory&quot;&gt;&lt;Value&gt;&lt;/Value&gt;&lt;/Column&gt;&lt;Column Name=&quot;UID_FirmPartner&quot;&gt;&lt;Value&gt;&lt;/Value&gt;&lt;/Column&gt;&lt;Column Name=&quot;UID_FunctionalArea&quot;&gt;&lt;Value&gt;&lt;/Value&gt;&lt;/Column&gt;&lt;Column Name=&quot;UID_OrgAttestator&quot;&gt;&lt;Value&gt;&lt;/Value&gt;&lt;/Column&gt;&lt;Column Name=&quot;UID_OrgRuler&quot;&gt;&lt;Value&gt;&lt;/Value&gt;&lt;/Column&gt;&lt;Column Name=&quot;UID_ProfitCenter&quot;&gt;&lt;Value&gt;&lt;/Value&gt;&lt;/Column&gt;&lt;Column Name=&quot;UID_PWODecisionMethod&quot; Display=&quot;Self-service&quot;&gt;&lt;Key&gt;&lt;Table Name=&quot;PWODecisionMethod&quot; Display=&quot;Self-service&quot; Key=&quot;QER-3A1DB61A823E4F2980F5A102A066D62B&quot;&gt;&lt;Prop Name=&quot;UID_PWODecisionMethod&quot;&gt;&lt;Value&gt;QER-3A1DB61A823E4F2980F5A102A066D62B&lt;/Value&gt;&lt;/Prop&gt;&lt;/Table&gt;&lt;/Key&gt;&lt;/Column&gt;&lt;Column Name=&quot;UID_QERTermsOfUse&quot;&gt;&lt;Value&gt;&lt;/Value&gt;&lt;/Column&gt;&lt;Column Name=&quot;VATPercent&quot; Display=&quot;0&quot;&gt;&lt;Value&gt;0&lt;/Value&gt;&lt;/Column&gt;&lt;Column Name=&quot;XDateInserted&quot; Display=&quot;3/25/2021 1:25:23 PM&quot;&gt;&lt;Value&gt;2021-03-25T20:25:23.5570000Z&lt;/Value&gt;&lt;/Column&gt;&lt;Column Name=&quot;XDateUpdated&quot; Display=&quot;3/29/2021 12:12:43 PM&quot;&gt;&lt;Value&gt;2021-03-29T19:12:43.7100000Z&lt;/Value&gt;&lt;/Column&gt;&lt;Column Name=&quot;XMarkedForDeletion&quot;&gt;&lt;Value&gt;0&lt;/Value&gt;&lt;/Column&gt;&lt;Column Name=&quot;XObjectKey&quot; Display=&quot;&amp;lt;Key&amp;gt;&amp;lt;T&amp;gt;AccProduct&amp;lt;/T&amp;gt;&amp;lt;P&amp;gt;c6510fa1-7626-4300-aad9-c9d77bf6378f&amp;lt;/P&amp;gt;&amp;lt;/Key&amp;gt;&quot;&gt;&lt;Value&gt;&amp;lt;Key&amp;gt;&amp;lt;T&amp;gt;AccProduct&amp;lt;/T&amp;gt;&amp;lt;P&amp;gt;c6510fa1-7626-4300-aad9-c9d77bf6378f&amp;lt;/P&amp;gt;&amp;lt;/Key&amp;gt;&lt;/Value&gt;&lt;/Column&gt;&lt;Column Name=&quot;XTouched&quot;&gt;&lt;Value&gt;&lt;/Value&gt;&lt;/Column&gt;&lt;Column Name=&quot;XUserInserted&quot; Display=&quot;Paul&quot;&gt;&lt;Value&gt;Paul&lt;/Value&gt;&lt;/Column&gt;&lt;Column Name=&quot;XUserUpdated&quot; Display=&quot;Paul&quot;&gt;&lt;Value&gt;Paul&lt;/Value&gt;&lt;/Column&gt;&lt;/Columns&gt;&lt;/DbObject&gt;">
               <Value>&lt;DbObject Display="CyberArk Account" Version="2"&gt;&lt;Key&gt;&lt;Table Name="AccProduct" Display="CyberArk Account" Key="c6510fa1-7626-4300-aad9-c9d77bf6378f"&gt;&lt;Prop Name="UID_AccProduct"&gt;&lt;Value&gt;c6510fa1-7626-4300-aad9-c9d77bf6378f&lt;/Value&gt;&lt;/Prop&gt;&lt;/Table&gt;&lt;/Key&gt;&lt;Columns&gt;&lt;Column Name="ArticleCode"&gt;&lt;Value&gt;&lt;/Value&gt;&lt;/Column&gt;&lt;Column Name="ArticleCodeForeign"&gt;&lt;Value&gt;&lt;/Value&gt;&lt;/Column&gt;&lt;Column Name="Availability"&gt;&lt;Value&gt;&lt;/Value&gt;&lt;/Column&gt;&lt;Column Name="Currency"&gt;&lt;Value&gt;&lt;/Value&gt;&lt;/Column&gt;&lt;Column Name="CustomProperty01"&gt;&lt;Value&gt;&lt;/Value&gt;&lt;/Column&gt;&lt;Column Name="CustomProperty02"&gt;&lt;Value&gt;&lt;/Value&gt;&lt;/Column&gt;&lt;Column Name="CustomProperty03"&gt;&lt;Value&gt;&lt;/Value&gt;&lt;/Column&gt;&lt;Column Name="CustomProperty04"&gt;&lt;Value&gt;&lt;/Value&gt;&lt;/Column&gt;&lt;Column Name="CustomProperty05"&gt;&lt;Value&gt;&lt;/Value&gt;&lt;/Column&gt;&lt;Column Name="CustomProperty06"&gt;&lt;Value&gt;&lt;/Value&gt;&lt;/Column&gt;&lt;Column Name="CustomProperty07"&gt;&lt;Value&gt;&lt;/Value&gt;&lt;/Column&gt;&lt;Column Name="CustomProperty08"&gt;&lt;Value&gt;&lt;/Value&gt;&lt;/Column&gt;&lt;Column Name="CustomProperty09"&gt;&lt;Value&gt;&lt;/Value&gt;&lt;/Column&gt;&lt;Column Name="CustomProperty10"&gt;&lt;Value&gt;&lt;/Value&gt;&lt;/Column&gt;&lt;Column Name="Description"&gt;&lt;Value&gt;&lt;/Value&gt;&lt;/Column&gt;&lt;Column Name="Ident_AccProduct" Display="CyberArk Account"&gt;&lt;Value&gt;CyberArk Account&lt;/Value&gt;&lt;/Column&gt;&lt;Column Name="InternalPrice" Display="0.00"&gt;&lt;Value&gt;0&lt;/Value&gt;&lt;/Column&gt;&lt;Column Name="InternalRentCharge" Display="0"&gt;&lt;Value&gt;0&lt;/Value&gt;&lt;/Column&gt;&lt;Column Name="IsApproveRequiresMfa" Display="False"&gt;&lt;Value&gt;False&lt;/Value&gt;&lt;/Column&gt;&lt;Column Name="IsCopyOnShopChange" Display="True"&gt;&lt;Value&gt;True&lt;/Value&gt;&lt;/Column&gt;&lt;Column Name="IsInActive" Display="False"&gt;&lt;Value&gt;False&lt;/Value&gt;&lt;/Column&gt;&lt;Column Name="IsNoCopyParametersPerson" Display="False"&gt;&lt;Value&gt;False&lt;/Value&gt;&lt;/Column&gt;&lt;Column Name="IsSpecialProduct" Display="False"&gt;&lt;Value&gt;False&lt;/Value&gt;&lt;/Column&gt;&lt;Column Name="JPegPhoto"&gt;&lt;Value&gt;&lt;/Value&gt;&lt;/Column&gt;&lt;Column Name="MaxValidDays" Display="0"&gt;&lt;Value&gt;0&lt;/Value&gt;&lt;/Column&gt;&lt;Column Name="ModeOfCalculation"&gt;&lt;Value&gt;&lt;/Value&gt;&lt;/Column&gt;&lt;Column Name="OrderNumber"&gt;&lt;Value&gt;&lt;/Value&gt;&lt;/Column&gt;&lt;Column Name="ProductURL"&gt;&lt;Value&gt;&lt;/Value&gt;&lt;/Column&gt;&lt;Column Name="PurchasePrice" Display="0.00"&gt;&lt;Value&gt;0&lt;/Value&gt;&lt;/Column&gt;&lt;Column Name="PurchaseRentCharge" Display="0"&gt;&lt;Value&gt;0&lt;/Value&gt;&lt;/Column&gt;&lt;Column Name="SalesPrice" Display="0.00"&gt;&lt;Value&gt;0&lt;/Value&gt;&lt;/Column&gt;&lt;Column Name="SalesRentCharge" Display="0"&gt;&lt;Value&gt;0&lt;/Value&gt;&lt;/Column&gt;&lt;Column Name="SortOrder"&gt;&lt;Value&gt;&lt;/Value&gt;&lt;/Column&gt;&lt;Column Name="UID_AccProduct" Display="c6510fa1-7626-4300-aad9-c9d77bf6378f"&gt;&lt;Value&gt;c6510fa1-7626-4300-aad9-c9d77bf6378f&lt;/Value&gt;&lt;/Column&gt;&lt;Column Name="UID_AccProductGroup" Display="Cyber-Ark"&gt;&lt;Key&gt;&lt;Table Name="AccProductGroup" Display="Cyber-Ark" Key="bd42c504-4146-47e8-8a89-73da4ab4fafc"&gt;&lt;Prop Name="UID_AccProductGroup"&gt;&lt;Value&gt;bd42c504-4146-47e8-8a89-73da4ab4fafc&lt;/Value&gt;&lt;/Prop&gt;&lt;/Table&gt;&lt;/Key&gt;&lt;/Column&gt;&lt;Column Name="UID_AccProductParamCategory"&gt;&lt;Value&gt;&lt;/Value&gt;&lt;/Column&gt;&lt;Column Name="UID_FirmPartner"&gt;&lt;Value&gt;&lt;/Value&gt;&lt;/Column&gt;&lt;Column Name="UID_FunctionalArea"&gt;&lt;Value&gt;&lt;/Value&gt;&lt;/Column&gt;&lt;Column Name="UID_OrgAttestator"&gt;&lt;Value&gt;&lt;/Value&gt;&lt;/Column&gt;&lt;Column Name="UID_OrgRuler"&gt;&lt;Value&gt;&lt;/Value&gt;&lt;/Column&gt;&lt;Column Name="UID_ProfitCenter"&gt;&lt;Value&gt;&lt;/Value&gt;&lt;/Column&gt;&lt;Column Name="UID_PWODecisionMethod" Display="Self-service"&gt;&lt;Key&gt;&lt;Table Name="PWODecisionMethod" Display="Self-service" Key="QER-3A1DB61A823E4F2980F5A102A066D62B"&gt;&lt;Prop Name="UID_PWODecisionMethod"&gt;&lt;Value&gt;QER-3A1DB61A823E4F2980F5A102A066D62B&lt;/Value&gt;&lt;/Prop&gt;&lt;/Table&gt;&lt;/Key&gt;&lt;/Column&gt;&lt;Column Name="UID_QERTermsOfUse"&gt;&lt;Value&gt;&lt;/Value&gt;&lt;/Column&gt;&lt;Column Name="VATPercent" Display="0"&gt;&lt;Value&gt;0&lt;/Value&gt;&lt;/Column&gt;&lt;Column Name="XDateInserted" Display="3/25/2021 1:25:23 PM"&gt;&lt;Value&gt;2021-03-25T20:25:23.5570000Z&lt;/Value&gt;&lt;/Column&gt;&lt;Column Name="XDateUpdated" Display="3/29/2021 12:12:43 PM"&gt;&lt;Value&gt;2021-03-29T19:12:43.7100000Z&lt;/Value&gt;&lt;/Column&gt;&lt;Column Name="XMarkedForDeletion"&gt;&lt;Value&gt;0&lt;/Value&gt;&lt;/Column&gt;&lt;Column Name="XObjectKey" Display="&amp;lt;Key&amp;gt;&amp;lt;T&amp;gt;AccProduct&amp;lt;/T&amp;gt;&amp;lt;P&amp;gt;c6510fa1-7626-4300-aad9-c9d77bf6378f&amp;lt;/P&amp;gt;&amp;lt;/Key&amp;gt;"&gt;&lt;Value&gt;&amp;lt;Key&amp;gt;&amp;lt;T&amp;gt;AccProduct&amp;lt;/T&amp;gt;&amp;lt;P&amp;gt;c6510fa1-7626-4300-aad9-c9d77bf6378f&amp;lt;/P&amp;gt;&amp;lt;/Key&amp;gt;&lt;/Value&gt;&lt;/Column&gt;&lt;Column Name="XTouched"&gt;&lt;Value&gt;&lt;/Value&gt;&lt;/Column&gt;&lt;Column Name="XUserInserted" Display="Paul"&gt;&lt;Value&gt;Paul&lt;/Value&gt;&lt;/Column&gt;&lt;Column Name="XUserUpdated" Display="Paul"&gt;&lt;Value&gt;Paul&lt;/Value&gt;&lt;/Column&gt;&lt;/Columns&gt;&lt;/DbObject&gt;</Value>
            </Column>
            <Column Name="ObjectKey" Display="&lt;Key&gt;&lt;T&gt;AccProduct&lt;/T&gt;&lt;P&gt;c6510fa1-7626-4300-aad9-c9d77bf6378f&lt;/P&gt;&lt;/Key&gt;">
               <Value>&lt;Key&gt;&lt;T&gt;AccProduct&lt;/T&gt;&lt;P&gt;c6510fa1-7626-4300-aad9-c9d77bf6378f&lt;/P&gt;&lt;/Key&gt;</Value>
            </Column>
            <Column Name="SortOrder" Display="2393327575159552">
               <Value>2393327575159552</Value>
            </Column>
            <Column Name="UID_DialogTag" Display="CCC-7EB8468491D62449AC5332CA4DED4094">
               <Key>
                  <Table Name="DialogTag" Display="SCIM CyberArk Target System" Key="CCC-7EB8468491D62449AC5332CA4DED4094">
                     <Prop Name="UID_DialogTag">
                        <Value>CCC-7EB8468491D62449AC5332CA4DED4094</Value>
                     </Prop>
                  </Table>
               </Key>
            </Column>
            <Column Name="UID_QBMTaggedChange" Display="CCC-9D7DECFFDF14A440B5893C9353B0D401">
               <Value>CCC-9D7DECFFDF14A440B5893C9353B0D401</Value>
            </Column>
            <Column Name="XDateInserted" Display="4/8/2021 9:48:09 AM">
               <Value>2021-04-08T16:48:09.9630000Z</Value>
            </Column>
            <Column Name="XDateUpdated" Display="4/8/2021 9:49:05 AM">
               <Value>2021-04-08T16:49:05.1330000Z</Value>
            </Column>
            <Column Name="XMarkedForDeletion">
               <Value>0</Value>
            </Column>
            <Column Name="XObjectKey" Display="&lt;Key&gt;&lt;T&gt;QBMTaggedChange&lt;/T&gt;&lt;P&gt;CCC-9D7DECFFDF14A440B5893C9353B0D401&lt;/P&gt;&lt;/Key&gt;">
               <Value>&lt;Key&gt;&lt;T&gt;QBMTaggedChange&lt;/T&gt;&lt;P&gt;CCC-9D7DECFFDF14A440B5893C9353B0D401&lt;/P&gt;&lt;/Key&gt;</Value>
            </Column>
            <Column Name="XTouched">
               <Value />
            </Column>
            <Column Name="XUserInserted" Display="Paul">
               <Value>Paul</Value>
            </Column>
            <Column Name="XUserUpdated" Display="Paul">
               <Value>Paul</Value>
            </Column>
         </Columns>
      </DbObject>
      <DbObject Display="CCC-7EB8468491D62449AC5332CA4DED4094 - &lt;Key&gt;&lt;T&gt;DPRNameSpace&lt;/T&gt;&lt;P&gt;9882e26d-a51d-4467-8d93-5996e8e3f0f0&lt;/P&gt;&lt;/Key&gt;" Version="2">
         <Key>
            <Table Name="QBMTaggedChange" Display="CCC-7EB8468491D62449AC5332CA4DED4094 - &lt;Key&gt;&lt;T&gt;DPRNameSpace&lt;/T&gt;&lt;P&gt;9882e26d-a51d-4467-8d93-5996e8e3f0f0&lt;/P&gt;&lt;/Key&gt;" Key="CCC-241E65518F7B624E93C04093FAA921C4">
               <Prop Name="UID_QBMTaggedChange">
                  <Value>CCC-241E65518F7B624E93C04093FAA921C4</Value>
               </Prop>
            </Table>
         </Key>
         <Columns>
            <Column Name="ChangeContent" Display="&lt;DbObject Display=&quot;CyberArk&quot; Version=&quot;2&quot;&gt;&lt;Key&gt;&lt;Table Name=&quot;DPRNameSpace&quot; Display=&quot;CyberArk&quot; Key=&quot;9882e26d-a51d-4467-8d93-5996e8e3f0f0&quot;&gt;&lt;Prop Name=&quot;UID_DPRNameSpace&quot;&gt;&lt;Value&gt;9882e26d-a51d-4467-8d93-5996e8e3f0f0&lt;/Value&gt;&lt;/Prop&gt;&lt;/Table&gt;&lt;/Key&gt;&lt;Columns&gt;&lt;Column Name=&quot;AdditionalSystemTypes&quot;&gt;&lt;Value&gt;&lt;/Value&gt;&lt;/Column&gt;&lt;Column Name=&quot;Description&quot;&gt;&lt;Value&gt;&lt;/Value&gt;&lt;/Column&gt;&lt;Column Name=&quot;DisplayName&quot; Display=&quot;CyberArk&quot;&gt;&lt;Value&gt;CyberArk&lt;/Value&gt;&lt;/Column&gt;&lt;Column Name=&quot;FilterDesignerText&quot; Display=&quot;in the target system&quot;&gt;&lt;Value&gt;in the target system&lt;/Value&gt;&lt;/Column&gt;&lt;Column Name=&quot;Ident_DPRNameSpace&quot; Display=&quot;CyberArk&quot;&gt;&lt;Value&gt;CyberArk&lt;/Value&gt;&lt;/Column&gt;&lt;Column Name=&quot;IsExtendedInheritance&quot; Display=&quot;False&quot;&gt;&lt;Value&gt;False&lt;/Value&gt;&lt;/Column&gt;&lt;Column Name=&quot;IsFilterDesignerEnabled&quot; Display=&quot;True&quot;&gt;&lt;Value&gt;True&lt;/Value&gt;&lt;/Column&gt;&lt;Column Name=&quot;UID_DPRNameSpace&quot; Display=&quot;9882e26d-a51d-4467-8d93-5996e8e3f0f0&quot;&gt;&lt;Value&gt;9882e26d-a51d-4467-8d93-5996e8e3f0f0&lt;/Value&gt;&lt;/Column&gt;&lt;Column Name=&quot;XDateInserted&quot; Display=&quot;3/16/2021 11:54:02 AM&quot;&gt;&lt;Value&gt;2021-03-16T18:54:02.9400000Z&lt;/Value&gt;&lt;/Column&gt;&lt;Column Name=&quot;XDateUpdated&quot; Display=&quot;3/16/2021 11:54:02 AM&quot;&gt;&lt;Value&gt;2021-03-16T18:54:02.9400000Z&lt;/Value&gt;&lt;/Column&gt;&lt;Column Name=&quot;XMarkedForDeletion&quot;&gt;&lt;Value&gt;0&lt;/Value&gt;&lt;/Column&gt;&lt;Column Name=&quot;XObjectKey&quot; Display=&quot;&amp;lt;Key&amp;gt;&amp;lt;T&amp;gt;DPRNameSpace&amp;lt;/T&amp;gt;&amp;lt;P&amp;gt;9882e26d-a51d-4467-8d93-5996e8e3f0f0&amp;lt;/P&amp;gt;&amp;lt;/Key&amp;gt;&quot;&gt;&lt;Value&gt;&amp;lt;Key&amp;gt;&amp;lt;T&amp;gt;DPRNameSpace&amp;lt;/T&amp;gt;&amp;lt;P&amp;gt;9882e26d-a51d-4467-8d93-5996e8e3f0f0&amp;lt;/P&amp;gt;&amp;lt;/Key&amp;gt;&lt;/Value&gt;&lt;/Column&gt;&lt;Column Name=&quot;XTouched&quot;&gt;&lt;Value&gt;&lt;/Value&gt;&lt;/Column&gt;&lt;Column Name=&quot;XUserInserted&quot; Display=&quot;Paul&quot;&gt;&lt;Value&gt;Paul&lt;/Value&gt;&lt;/Column&gt;&lt;Column Name=&quot;XUserUpdated&quot; Display=&quot;Paul&quot;&gt;&lt;Value&gt;Paul&lt;/Value&gt;&lt;/Column&gt;&lt;/Columns&gt;&lt;/DbObject&gt;">
               <Value>&lt;DbObject Display="CyberArk" Version="2"&gt;&lt;Key&gt;&lt;Table Name="DPRNameSpace" Display="CyberArk" Key="9882e26d-a51d-4467-8d93-5996e8e3f0f0"&gt;&lt;Prop Name="UID_DPRNameSpace"&gt;&lt;Value&gt;9882e26d-a51d-4467-8d93-5996e8e3f0f0&lt;/Value&gt;&lt;/Prop&gt;&lt;/Table&gt;&lt;/Key&gt;&lt;Columns&gt;&lt;Column Name="AdditionalSystemTypes"&gt;&lt;Value&gt;&lt;/Value&gt;&lt;/Column&gt;&lt;Column Name="Description"&gt;&lt;Value&gt;&lt;/Value&gt;&lt;/Column&gt;&lt;Column Name="DisplayName" Display="CyberArk"&gt;&lt;Value&gt;CyberArk&lt;/Value&gt;&lt;/Column&gt;&lt;Column Name="FilterDesignerText" Display="in the target system"&gt;&lt;Value&gt;in the target system&lt;/Value&gt;&lt;/Column&gt;&lt;Column Name="Ident_DPRNameSpace" Display="CyberArk"&gt;&lt;Value&gt;CyberArk&lt;/Value&gt;&lt;/Column&gt;&lt;Column Name="IsExtendedInheritance" Display="False"&gt;&lt;Value&gt;False&lt;/Value&gt;&lt;/Column&gt;&lt;Column Name="IsFilterDesignerEnabled" Display="True"&gt;&lt;Value&gt;True&lt;/Value&gt;&lt;/Column&gt;&lt;Column Name="UID_DPRNameSpace" Display="9882e26d-a51d-4467-8d93-5996e8e3f0f0"&gt;&lt;Value&gt;9882e26d-a51d-4467-8d93-5996e8e3f0f0&lt;/Value&gt;&lt;/Column&gt;&lt;Column Name="XDateInserted" Display="3/16/2021 11:54:02 AM"&gt;&lt;Value&gt;2021-03-16T18:54:02.9400000Z&lt;/Value&gt;&lt;/Column&gt;&lt;Column Name="XDateUpdated" Display="3/16/2021 11:54:02 AM"&gt;&lt;Value&gt;2021-03-16T18:54:02.9400000Z&lt;/Value&gt;&lt;/Column&gt;&lt;Column Name="XMarkedForDeletion"&gt;&lt;Value&gt;0&lt;/Value&gt;&lt;/Column&gt;&lt;Column Name="XObjectKey" Display="&amp;lt;Key&amp;gt;&amp;lt;T&amp;gt;DPRNameSpace&amp;lt;/T&amp;gt;&amp;lt;P&amp;gt;9882e26d-a51d-4467-8d93-5996e8e3f0f0&amp;lt;/P&amp;gt;&amp;lt;/Key&amp;gt;"&gt;&lt;Value&gt;&amp;lt;Key&amp;gt;&amp;lt;T&amp;gt;DPRNameSpace&amp;lt;/T&amp;gt;&amp;lt;P&amp;gt;9882e26d-a51d-4467-8d93-5996e8e3f0f0&amp;lt;/P&amp;gt;&amp;lt;/Key&amp;gt;&lt;/Value&gt;&lt;/Column&gt;&lt;Column Name="XTouched"&gt;&lt;Value&gt;&lt;/Value&gt;&lt;/Column&gt;&lt;Column Name="XUserInserted" Display="Paul"&gt;&lt;Value&gt;Paul&lt;/Value&gt;&lt;/Column&gt;&lt;Column Name="XUserUpdated" Display="Paul"&gt;&lt;Value&gt;Paul&lt;/Value&gt;&lt;/Column&gt;&lt;/Columns&gt;&lt;/DbObject&gt;</Value>
            </Column>
            <Column Name="ObjectKey" Display="&lt;Key&gt;&lt;T&gt;DPRNameSpace&lt;/T&gt;&lt;P&gt;9882e26d-a51d-4467-8d93-5996e8e3f0f0&lt;/P&gt;&lt;/Key&gt;">
               <Value>&lt;Key&gt;&lt;T&gt;DPRNameSpace&lt;/T&gt;&lt;P&gt;9882e26d-a51d-4467-8d93-5996e8e3f0f0&lt;/P&gt;&lt;/Key&gt;</Value>
            </Column>
            <Column Name="SortOrder" Display="2393327585159552">
               <Value>2393327585159552</Value>
            </Column>
            <Column Name="UID_DialogTag" Display="CCC-7EB8468491D62449AC5332CA4DED4094">
               <Key>
                  <Table Name="DialogTag" Display="SCIM CyberArk Target System" Key="CCC-7EB8468491D62449AC5332CA4DED4094">
                     <Prop Name="UID_DialogTag">
                        <Value>CCC-7EB8468491D62449AC5332CA4DED4094</Value>
                     </Prop>
                  </Table>
               </Key>
            </Column>
            <Column Name="UID_QBMTaggedChange" Display="CCC-241E65518F7B624E93C04093FAA921C4">
               <Value>CCC-241E65518F7B624E93C04093FAA921C4</Value>
            </Column>
            <Column Name="XDateInserted" Display="4/8/2021 8:51:05 AM">
               <Value>2021-04-08T15:51:05.6730000Z</Value>
            </Column>
            <Column Name="XDateUpdated" Display="4/8/2021 9:10:48 AM">
               <Value>2021-04-08T16:10:48.8570000Z</Value>
            </Column>
            <Column Name="XMarkedForDeletion">
               <Value>0</Value>
            </Column>
            <Column Name="XObjectKey" Display="&lt;Key&gt;&lt;T&gt;QBMTaggedChange&lt;/T&gt;&lt;P&gt;CCC-241E65518F7B624E93C04093FAA921C4&lt;/P&gt;&lt;/Key&gt;">
               <Value>&lt;Key&gt;&lt;T&gt;QBMTaggedChange&lt;/T&gt;&lt;P&gt;CCC-241E65518F7B624E93C04093FAA921C4&lt;/P&gt;&lt;/Key&gt;</Value>
            </Column>
            <Column Name="XTouched">
               <Value />
            </Column>
            <Column Name="XUserInserted" Display="Paul">
               <Value>Paul</Value>
            </Column>
            <Column Name="XUserUpdated" Display="Paul">
               <Value>Paul</Value>
            </Column>
         </Columns>
      </DbObject>
      <DbObject Display="CCC-7EB8468491D62449AC5332CA4DED4094 - &lt;Key&gt;&lt;T&gt;TSBAccountDef&lt;/T&gt;&lt;P&gt;f7018108-d8e0-4d09-8379-79b5edb4f2a8&lt;/P&gt;&lt;/Key&gt;" Version="2">
         <Key>
            <Table Name="QBMTaggedChange" Display="CCC-7EB8468491D62449AC5332CA4DED4094 - &lt;Key&gt;&lt;T&gt;TSBAccountDef&lt;/T&gt;&lt;P&gt;f7018108-d8e0-4d09-8379-79b5edb4f2a8&lt;/P&gt;&lt;/Key&gt;" Key="CCC-F992BAC24C23B848AB8D5CEC764D9699">
               <Prop Name="UID_QBMTaggedChange">
                  <Value>CCC-F992BAC24C23B848AB8D5CEC764D9699</Value>
               </Prop>
            </Table>
         </Key>
         <Columns>
            <Column Name="ChangeContent" Display="&lt;DbObject Display=&quot;CyberArk Account Def&quot; Version=&quot;2&quot;&gt;&lt;Key&gt;&lt;Table Name=&quot;TSBAccountDef&quot; Display=&quot;CyberArk Account Def&quot; Key=&quot;f7018108-d8e0-4d09-8379-79b5edb4f2a8&quot;&gt;&lt;Prop Name=&quot;UID_TSBAccountDef&quot;&gt;&lt;Value&gt;f7018108-d8e0-4d09-8379-79b5edb4f2a8&lt;/Value&gt;&lt;/Prop&gt;&lt;/Table&gt;&lt;/Key&gt;&lt;Columns&gt;&lt;Column Name=&quot;CustomProperty01&quot;&gt;&lt;Value&gt;&lt;/Value&gt;&lt;/Column&gt;&lt;Column Name=&quot;CustomProperty02&quot;&gt;&lt;Value&gt;&lt;/Value&gt;&lt;/Column&gt;&lt;Column Name=&quot;CustomProperty03&quot;&gt;&lt;Value&gt;&lt;/Value&gt;&lt;/Column&gt;&lt;Column Name=&quot;CustomProperty04&quot;&gt;&lt;Value&gt;&lt;/Value&gt;&lt;/Column&gt;&lt;Column Name=&quot;CustomProperty05&quot;&gt;&lt;Value&gt;&lt;/Value&gt;&lt;/Column&gt;&lt;Column Name=&quot;CustomProperty06&quot;&gt;&lt;Value&gt;&lt;/Value&gt;&lt;/Column&gt;&lt;Column Name=&quot;CustomProperty07&quot;&gt;&lt;Value&gt;&lt;/Value&gt;&lt;/Column&gt;&lt;Column Name=&quot;CustomProperty08&quot;&gt;&lt;Value&gt;&lt;/Value&gt;&lt;/Column&gt;&lt;Column Name=&quot;CustomProperty09&quot;&gt;&lt;Value&gt;&lt;/Value&gt;&lt;/Column&gt;&lt;Column Name=&quot;CustomProperty10&quot;&gt;&lt;Value&gt;&lt;/Value&gt;&lt;/Column&gt;&lt;Column Name=&quot;Description&quot;&gt;&lt;Value&gt;&lt;/Value&gt;&lt;/Column&gt;&lt;Column Name=&quot;Ident_TSBAccountDef&quot; Display=&quot;CyberArk Account Def&quot;&gt;&lt;Value&gt;CyberArk Account Def&lt;/Value&gt;&lt;/Column&gt;&lt;Column Name=&quot;IsAutoAssignToPerson&quot; Display=&quot;False&quot;&gt;&lt;Value&gt;False&lt;/Value&gt;&lt;/Column&gt;&lt;Column Name=&quot;IsForITShop&quot; Display=&quot;True&quot;&gt;&lt;Value&gt;True&lt;/Value&gt;&lt;/Column&gt;&lt;Column Name=&quot;IsITShopOnly&quot; Display=&quot;False&quot;&gt;&lt;Value&gt;False&lt;/Value&gt;&lt;/Column&gt;&lt;Column Name=&quot;ObjectKeyTargetSystem&quot; Display=&quot;CyberArk (CyberArk)&quot;&gt;&lt;Key&gt;&lt;Table Name=&quot;UNSRootB&quot; Display=&quot;CyberArk (CyberArk)&quot; Key=&quot;741001a9-718a-49a8-a2fb-e360b2fc3f06&quot;&gt;&lt;Prop Name=&quot;UID_UNSRootB&quot;&gt;&lt;Value&gt;741001a9-718a-49a8-a2fb-e360b2fc3f06&lt;/Value&gt;&lt;/Prop&gt;&lt;/Table&gt;&lt;/Key&gt;&lt;/Column&gt;&lt;Column Name=&quot;PFDInheritAccountDef&quot; Display=&quot;True&quot;&gt;&lt;Value&gt;True&lt;/Value&gt;&lt;/Column&gt;&lt;Column Name=&quot;PMDInheritAccountDef&quot; Display=&quot;True&quot;&gt;&lt;Value&gt;True&lt;/Value&gt;&lt;/Column&gt;&lt;Column Name=&quot;PSIInheritAccountDef&quot; Display=&quot;False&quot;&gt;&lt;Value&gt;False&lt;/Value&gt;&lt;/Column&gt;&lt;Column Name=&quot;PTDInheritAccountDef&quot; Display=&quot;True&quot;&gt;&lt;Value&gt;True&lt;/Value&gt;&lt;/Column&gt;&lt;Column Name=&quot;RiskIndex&quot; Display=&quot;0.00&quot;&gt;&lt;Value&gt;0&lt;/Value&gt;&lt;/Column&gt;&lt;Column Name=&quot;UID_AccProduct&quot; Display=&quot;CyberArk Account&quot;&gt;&lt;Key&gt;&lt;Table Name=&quot;AccProduct&quot; Display=&quot;CyberArk Account&quot; Key=&quot;c6510fa1-7626-4300-aad9-c9d77bf6378f&quot;&gt;&lt;Prop Name=&quot;UID_AccProduct&quot;&gt;&lt;Value&gt;c6510fa1-7626-4300-aad9-c9d77bf6378f&lt;/Value&gt;&lt;/Prop&gt;&lt;/Table&gt;&lt;/Key&gt;&lt;/Column&gt;&lt;Column Name=&quot;UID_DialogTableAccountType&quot; Display=&quot;UNSAccountB&quot;&gt;&lt;Key&gt;&lt;Table Name=&quot;DialogTable&quot; Display=&quot;UNSAccountB&quot; Key=&quot;TSB-T-UNSAccountB&quot;&gt;&lt;Prop Name=&quot;UID_DialogTable&quot;&gt;&lt;Value&gt;TSB-T-UNSAccountB&lt;/Value&gt;&lt;/Prop&gt;&lt;/Table&gt;&lt;/Key&gt;&lt;/Column&gt;&lt;Column Name=&quot;UID_QERResourceType&quot; Display=&quot;CyberArk&quot;&gt;&lt;Key&gt;&lt;Table Name=&quot;QERResourceType&quot; Display=&quot;CyberArk&quot; Key=&quot;3572948c-d7e7-4a62-866c-f03e194d87d7&quot;&gt;&lt;Prop Name=&quot;UID_QERResourceType&quot;&gt;&lt;Value&gt;3572948c-d7e7-4a62-866c-f03e194d87d7&lt;/Value&gt;&lt;/Prop&gt;&lt;/Table&gt;&lt;/Key&gt;&lt;/Column&gt;&lt;Column Name=&quot;UID_TSBAccountDef&quot; Display=&quot;f7018108-d8e0-4d09-8379-79b5edb4f2a8&quot;&gt;&lt;Value&gt;f7018108-d8e0-4d09-8379-79b5edb4f2a8&lt;/Value&gt;&lt;/Column&gt;&lt;Column Name=&quot;UID_TSBAccountDefPredecessor&quot;&gt;&lt;Value&gt;&lt;/Value&gt;&lt;/Column&gt;&lt;Column Name=&quot;UID_TSBBehaviorDefault&quot; Display=&quot;Full managed&quot;&gt;&lt;Key&gt;&lt;Table Name=&quot;TSBBehavior&quot; Display=&quot;Full managed&quot; Key=&quot;TSB-FullManaged&quot;&gt;&lt;Prop Name=&quot;UID_TSBBehavior&quot;&gt;&lt;Value&gt;TSB-FullManaged&lt;/Value&gt;&lt;/Prop&gt;&lt;/Table&gt;&lt;/Key&gt;&lt;/Column&gt;&lt;Column Name=&quot;XDateInserted&quot; Display=&quot;3/25/2021 1:25:54 PM&quot;&gt;&lt;Value&gt;2021-03-25T20:25:54.6530000Z&lt;/Value&gt;&lt;/Column&gt;&lt;Column Name=&quot;XDateUpdated&quot; Display=&quot;3/25/2021 1:26:47 PM&quot;&gt;&lt;Value&gt;2021-03-25T20:26:47.3700000Z&lt;/Value&gt;&lt;/Column&gt;&lt;Column Name=&quot;XMarkedForDeletion&quot;&gt;&lt;Value&gt;0&lt;/Value&gt;&lt;/Column&gt;&lt;Column Name=&quot;XObjectKey&quot; Display=&quot;&amp;lt;Key&amp;gt;&amp;lt;T&amp;gt;TSBAccountDef&amp;lt;/T&amp;gt;&amp;lt;P&amp;gt;f7018108-d8e0-4d09-8379-79b5edb4f2a8&amp;lt;/P&amp;gt;&amp;lt;/Key&amp;gt;&quot;&gt;&lt;Value&gt;&amp;lt;Key&amp;gt;&amp;lt;T&amp;gt;TSBAccountDef&amp;lt;/T&amp;gt;&amp;lt;P&amp;gt;f7018108-d8e0-4d09-8379-79b5edb4f2a8&amp;lt;/P&amp;gt;&amp;lt;/Key&amp;gt;&lt;/Value&gt;&lt;/Column&gt;&lt;Column Name=&quot;XTouched&quot;&gt;&lt;Value&gt;&lt;/Value&gt;&lt;/Column&gt;&lt;Column Name=&quot;XUserInserted&quot; Display=&quot;Paul&quot;&gt;&lt;Value&gt;Paul&lt;/Value&gt;&lt;/Column&gt;&lt;Column Name=&quot;XUserUpdated&quot; Display=&quot;Paul&quot;&gt;&lt;Value&gt;Paul&lt;/Value&gt;&lt;/Column&gt;&lt;/Columns&gt;&lt;/DbObject&gt;">
               <Value>&lt;DbObject Display="CyberArk Account Def" Version="2"&gt;&lt;Key&gt;&lt;Table Name="TSBAccountDef" Display="CyberArk Account Def" Key="f7018108-d8e0-4d09-8379-79b5edb4f2a8"&gt;&lt;Prop Name="UID_TSBAccountDef"&gt;&lt;Value&gt;f7018108-d8e0-4d09-8379-79b5edb4f2a8&lt;/Value&gt;&lt;/Prop&gt;&lt;/Table&gt;&lt;/Key&gt;&lt;Columns&gt;&lt;Column Name="CustomProperty01"&gt;&lt;Value&gt;&lt;/Value&gt;&lt;/Column&gt;&lt;Column Name="CustomProperty02"&gt;&lt;Value&gt;&lt;/Value&gt;&lt;/Column&gt;&lt;Column Name="CustomProperty03"&gt;&lt;Value&gt;&lt;/Value&gt;&lt;/Column&gt;&lt;Column Name="CustomProperty04"&gt;&lt;Value&gt;&lt;/Value&gt;&lt;/Column&gt;&lt;Column Name="CustomProperty05"&gt;&lt;Value&gt;&lt;/Value&gt;&lt;/Column&gt;&lt;Column Name="CustomProperty06"&gt;&lt;Value&gt;&lt;/Value&gt;&lt;/Column&gt;&lt;Column Name="CustomProperty07"&gt;&lt;Value&gt;&lt;/Value&gt;&lt;/Column&gt;&lt;Column Name="CustomProperty08"&gt;&lt;Value&gt;&lt;/Value&gt;&lt;/Column&gt;&lt;Column Name="CustomProperty09"&gt;&lt;Value&gt;&lt;/Value&gt;&lt;/Column&gt;&lt;Column Name="CustomProperty10"&gt;&lt;Value&gt;&lt;/Value&gt;&lt;/Column&gt;&lt;Column Name="Description"&gt;&lt;Value&gt;&lt;/Value&gt;&lt;/Column&gt;&lt;Column Name="Ident_TSBAccountDef" Display="CyberArk Account Def"&gt;&lt;Value&gt;CyberArk Account Def&lt;/Value&gt;&lt;/Column&gt;&lt;Column Name="IsAutoAssignToPerson" Display="False"&gt;&lt;Value&gt;False&lt;/Value&gt;&lt;/Column&gt;&lt;Column Name="IsForITShop" Display="True"&gt;&lt;Value&gt;True&lt;/Value&gt;&lt;/Column&gt;&lt;Column Name="IsITShopOnly" Display="False"&gt;&lt;Value&gt;False&lt;/Value&gt;&lt;/Column&gt;&lt;Column Name="ObjectKeyTargetSystem" Display="CyberArk (CyberArk)"&gt;&lt;Key&gt;&lt;Table Name="UNSRootB" Display="CyberArk (CyberArk)" Key="741001a9-718a-49a8-a2fb-e360b2fc3f06"&gt;&lt;Prop Name="UID_UNSRootB"&gt;&lt;Value&gt;741001a9-718a-49a8-a2fb-e360b2fc3f06&lt;/Value&gt;&lt;/Prop&gt;&lt;/Table&gt;&lt;/Key&gt;&lt;/Column&gt;&lt;Column Name="PFDInheritAccountDef" Display="True"&gt;&lt;Value&gt;True&lt;/Value&gt;&lt;/Column&gt;&lt;Column Name="PMDInheritAccountDef" Display="True"&gt;&lt;Value&gt;True&lt;/Value&gt;&lt;/Column&gt;&lt;Column Name="PSIInheritAccountDef" Display="False"&gt;&lt;Value&gt;False&lt;/Value&gt;&lt;/Column&gt;&lt;Column Name="PTDInheritAccountDef" Display="True"&gt;&lt;Value&gt;True&lt;/Value&gt;&lt;/Column&gt;&lt;Column Name="RiskIndex" Display="0.00"&gt;&lt;Value&gt;0&lt;/Value&gt;&lt;/Column&gt;&lt;Column Name="UID_AccProduct" Display="CyberArk Account"&gt;&lt;Key&gt;&lt;Table Name="AccProduct" Display="CyberArk Account" Key="c6510fa1-7626-4300-aad9-c9d77bf6378f"&gt;&lt;Prop Name="UID_AccProduct"&gt;&lt;Value&gt;c6510fa1-7626-4300-aad9-c9d77bf6378f&lt;/Value&gt;&lt;/Prop&gt;&lt;/Table&gt;&lt;/Key&gt;&lt;/Column&gt;&lt;Column Name="UID_DialogTableAccountType" Display="UNSAccountB"&gt;&lt;Key&gt;&lt;Table Name="DialogTable" Display="UNSAccountB" Key="TSB-T-UNSAccountB"&gt;&lt;Prop Name="UID_DialogTable"&gt;&lt;Value&gt;TSB-T-UNSAccountB&lt;/Value&gt;&lt;/Prop&gt;&lt;/Table&gt;&lt;/Key&gt;&lt;/Column&gt;&lt;Column Name="UID_QERResourceType" Display="CyberArk"&gt;&lt;Key&gt;&lt;Table Name="QERResourceType" Display="CyberArk" Key="3572948c-d7e7-4a62-866c-f03e194d87d7"&gt;&lt;Prop Name="UID_QERResourceType"&gt;&lt;Value&gt;3572948c-d7e7-4a62-866c-f03e194d87d7&lt;/Value&gt;&lt;/Prop&gt;&lt;/Table&gt;&lt;/Key&gt;&lt;/Column&gt;&lt;Column Name="UID_TSBAccountDef" Display="f7018108-d8e0-4d09-8379-79b5edb4f2a8"&gt;&lt;Value&gt;f7018108-d8e0-4d09-8379-79b5edb4f2a8&lt;/Value&gt;&lt;/Column&gt;&lt;Column Name="UID_TSBAccountDefPredecessor"&gt;&lt;Value&gt;&lt;/Value&gt;&lt;/Column&gt;&lt;Column Name="UID_TSBBehaviorDefault" Display="Full managed"&gt;&lt;Key&gt;&lt;Table Name="TSBBehavior" Display="Full managed" Key="TSB-FullManaged"&gt;&lt;Prop Name="UID_TSBBehavior"&gt;&lt;Value&gt;TSB-FullManaged&lt;/Value&gt;&lt;/Prop&gt;&lt;/Table&gt;&lt;/Key&gt;&lt;/Column&gt;&lt;Column Name="XDateInserted" Display="3/25/2021 1:25:54 PM"&gt;&lt;Value&gt;2021-03-25T20:25:54.6530000Z&lt;/Value&gt;&lt;/Column&gt;&lt;Column Name="XDateUpdated" Display="3/25/2021 1:26:47 PM"&gt;&lt;Value&gt;2021-03-25T20:26:47.3700000Z&lt;/Value&gt;&lt;/Column&gt;&lt;Column Name="XMarkedForDeletion"&gt;&lt;Value&gt;0&lt;/Value&gt;&lt;/Column&gt;&lt;Column Name="XObjectKey" Display="&amp;lt;Key&amp;gt;&amp;lt;T&amp;gt;TSBAccountDef&amp;lt;/T&amp;gt;&amp;lt;P&amp;gt;f7018108-d8e0-4d09-8379-79b5edb4f2a8&amp;lt;/P&amp;gt;&amp;lt;/Key&amp;gt;"&gt;&lt;Value&gt;&amp;lt;Key&amp;gt;&amp;lt;T&amp;gt;TSBAccountDef&amp;lt;/T&amp;gt;&amp;lt;P&amp;gt;f7018108-d8e0-4d09-8379-79b5edb4f2a8&amp;lt;/P&amp;gt;&amp;lt;/Key&amp;gt;&lt;/Value&gt;&lt;/Column&gt;&lt;Column Name="XTouched"&gt;&lt;Value&gt;&lt;/Value&gt;&lt;/Column&gt;&lt;Column Name="XUserInserted" Display="Paul"&gt;&lt;Value&gt;Paul&lt;/Value&gt;&lt;/Column&gt;&lt;Column Name="XUserUpdated" Display="Paul"&gt;&lt;Value&gt;Paul&lt;/Value&gt;&lt;/Column&gt;&lt;/Columns&gt;&lt;/DbObject&gt;</Value>
            </Column>
            <Column Name="ObjectKey" Display="&lt;Key&gt;&lt;T&gt;TSBAccountDef&lt;/T&gt;&lt;P&gt;f7018108-d8e0-4d09-8379-79b5edb4f2a8&lt;/P&gt;&lt;/Key&gt;">
               <Value>&lt;Key&gt;&lt;T&gt;TSBAccountDef&lt;/T&gt;&lt;P&gt;f7018108-d8e0-4d09-8379-79b5edb4f2a8&lt;/P&gt;&lt;/Key&gt;</Value>
            </Column>
            <Column Name="SortOrder" Display="2393327605159552">
               <Value>2393327605159552</Value>
            </Column>
            <Column Name="UID_DialogTag" Display="CCC-7EB8468491D62449AC5332CA4DED4094">
               <Key>
                  <Table Name="DialogTag" Display="SCIM CyberArk Target System" Key="CCC-7EB8468491D62449AC5332CA4DED4094">
                     <Prop Name="UID_DialogTag">
                        <Value>CCC-7EB8468491D62449AC5332CA4DED4094</Value>
                     </Prop>
                  </Table>
               </Key>
            </Column>
            <Column Name="UID_QBMTaggedChange" Display="CCC-F992BAC24C23B848AB8D5CEC764D9699">
               <Value>CCC-F992BAC24C23B848AB8D5CEC764D9699</Value>
            </Column>
            <Column Name="XDateInserted" Display="4/8/2021 9:47:47 AM">
               <Value>2021-04-08T16:47:47.5700000Z</Value>
            </Column>
            <Column Name="XDateUpdated" Display="4/8/2021 9:56:42 AM">
               <Value>2021-04-08T16:56:42.6130000Z</Value>
            </Column>
            <Column Name="XMarkedForDeletion">
               <Value>0</Value>
            </Column>
            <Column Name="XObjectKey" Display="&lt;Key&gt;&lt;T&gt;QBMTaggedChange&lt;/T&gt;&lt;P&gt;CCC-F992BAC24C23B848AB8D5CEC764D9699&lt;/P&gt;&lt;/Key&gt;">
               <Value>&lt;Key&gt;&lt;T&gt;QBMTaggedChange&lt;/T&gt;&lt;P&gt;CCC-F992BAC24C23B848AB8D5CEC764D9699&lt;/P&gt;&lt;/Key&gt;</Value>
            </Column>
            <Column Name="XTouched">
               <Value />
            </Column>
            <Column Name="XUserInserted" Display="Paul">
               <Value>Paul</Value>
            </Column>
            <Column Name="XUserUpdated" Display="Paul">
               <Value>Paul</Value>
            </Column>
         </Columns>
      </DbObject>
      <DbObject Display="CCC-7EB8468491D62449AC5332CA4DED4094 - &lt;Key&gt;&lt;T&gt;UNSRootB&lt;/T&gt;&lt;P&gt;741001a9-718a-49a8-a2fb-e360b2fc3f06&lt;/P&gt;&lt;/Key&gt;" Version="2">
         <Key>
            <Table Name="QBMTaggedChange" Display="CCC-7EB8468491D62449AC5332CA4DED4094 - &lt;Key&gt;&lt;T&gt;UNSRootB&lt;/T&gt;&lt;P&gt;741001a9-718a-49a8-a2fb-e360b2fc3f06&lt;/P&gt;&lt;/Key&gt;" Key="CCC-B85E845621C01647916F3D95B36C8202">
               <Prop Name="UID_QBMTaggedChange">
                  <Value>CCC-B85E845621C01647916F3D95B36C8202</Value>
               </Prop>
            </Table>
         </Key>
         <Columns>
            <Column Name="ChangeContent" Display="&lt;DbObjects&gt;&lt;DbObject Display=&quot;CyberArk (CyberArk)&quot; Version=&quot;2&quot;&gt;&lt;Key&gt;&lt;Table Name=&quot;UNSRootB&quot; Display=&quot;CyberArk (CyberArk)&quot; Key=&quot;741001a9-718a-49a8-a2fb-e360b2fc3f06&quot;&gt;&lt;Prop Name=&quot;UID_UNSRootB&quot;&gt;&lt;Value&gt;741001a9-718a-49a8-a2fb-e360b2fc3f06&lt;/Value&gt;&lt;/Prop&gt;&lt;/Table&gt;&lt;/Key&gt;&lt;Columns&gt;&lt;Column Name=&quot;AccountToPersonMatchingRule&quot; Display=&quot;&amp;lt;MatchingRules Version=&amp;quot;2.0&amp;quot;&amp;gt;&amp;#xD;&amp;#xA;&amp;#x9;&amp;lt;ObjectClass Name=&amp;quot;UNSAccountB&amp;quot;&amp;gt;&amp;#xD;&amp;#xA;&amp;#x9;&amp;#x9;&amp;lt;And&amp;gt;&amp;#xD;&amp;#xA;&amp;#x9;&amp;#x9;&amp;#x9;&amp;lt;Rule PersonColumn=&amp;quot;CentralAccount&amp;quot; ApplyTemplateForPerson=&amp;quot;True&amp;quot; AccountColumn=&amp;quot;AccountName&amp;quot; AccountTable=&amp;quot;UNSAccountB&amp;quot; ApplyTemplateForAccount=&amp;quot;True&amp;quot; /&amp;gt;&amp;#xD;&amp;#xA;&amp;#x9;&amp;#x9;&amp;lt;/And&amp;gt;&amp;#xD;&amp;#xA;&amp;#x9;&amp;lt;/ObjectClass&amp;gt;&amp;#xD;&amp;#xA;&amp;lt;/MatchingRules&amp;gt;&amp;#xD;&amp;#xA;&quot;&gt;&lt;Value&gt;&amp;lt;MatchingRules Version=&quot;2.0&quot;&amp;gt;&#xD;&#xA;	&amp;lt;ObjectClass Name=&quot;UNSAccountB&quot;&amp;gt;&#xD;&#xA;		&amp;lt;And&amp;gt;&#xD;&#xA;			&amp;lt;Rule PersonColumn=&quot;CentralAccount&quot; ApplyTemplateForPerson=&quot;True&quot; AccountColumn=&quot;AccountName&quot; AccountTable=&quot;UNSAccountB&quot; ApplyTemplateForAccount=&quot;True&quot; /&amp;gt;&#xD;&#xA;		&amp;lt;/And&amp;gt;&#xD;&#xA;	&amp;lt;/ObjectClass&amp;gt;&#xD;&#xA;&amp;lt;/MatchingRules&amp;gt;&#xD;&#xA;&lt;/Value&gt;&lt;/Column&gt;&lt;Column Name=&quot;AlternatePropertyCaptions&quot; Display=&quot;&amp;lt;?xml version=&amp;quot;1.0&amp;quot; encoding=&amp;quot;utf-16&amp;quot;?&amp;gt;&amp;#xD;&amp;#xA;&amp;lt;AlternatePropertyCaptions&amp;gt;&amp;#xD;&amp;#xA;&amp;#x9;&amp;lt;Table Name=&amp;quot;UNSContainerB&amp;quot; /&amp;gt;&amp;#xD;&amp;#xA;&amp;#x9;&amp;lt;Table Name=&amp;quot;UNSGroupB&amp;quot; /&amp;gt;&amp;#xD;&amp;#xA;&amp;#x9;&amp;lt;Table Name=&amp;quot;UNSItemB&amp;quot; /&amp;gt;&amp;#xD;&amp;#xA;&amp;#x9;&amp;lt;Table Name=&amp;quot;UNSAccountB&amp;quot; /&amp;gt;&amp;#xD;&amp;#xA;&amp;lt;/AlternatePropertyCaptions&amp;gt;&quot;&gt;&lt;Value&gt;&amp;lt;?xml version=&quot;1.0&quot; encoding=&quot;utf-16&quot;?&amp;gt;&#xD;&#xA;&amp;lt;AlternatePropertyCaptions&amp;gt;&#xD;&#xA;	&amp;lt;Table Name=&quot;UNSContainerB&quot; /&amp;gt;&#xD;&#xA;	&amp;lt;Table Name=&quot;UNSGroupB&quot; /&amp;gt;&#xD;&#xA;	&amp;lt;Table Name=&quot;UNSItemB&quot; /&amp;gt;&#xD;&#xA;	&amp;lt;Table Name=&quot;UNSAccountB&quot; /&amp;gt;&#xD;&#xA;&amp;lt;/AlternatePropertyCaptions&amp;gt;&lt;/Value&gt;&lt;/Column&gt;&lt;Column Name=&quot;CanonicalName&quot; Display=&quot;http:\/\/185.64.246.175:8080\/CyberArk\/scim\/v2&quot;&gt;&lt;Value&gt;http:\/\/185.64.246.175:8080\/CyberArk\/scim\/v2&lt;/Value&gt;&lt;/Column&gt;&lt;Column Name=&quot;Description&quot;&gt;&lt;Value&gt;&lt;/Value&gt;&lt;/Column&gt;&lt;Column Name=&quot;DisplayName&quot; Display=&quot;CyberArk&quot;&gt;&lt;Value&gt;CyberArk&lt;/Value&gt;&lt;/Column&gt;&lt;Column Name=&quot;DistinguishedName&quot; Display=&quot;DC=http://185.64.246.175:8080/CyberArk/scim/v2&quot;&gt;&lt;Value&gt;DC=http://185.64.246.175:8080/CyberArk/scim/v2&lt;/Value&gt;&lt;/Column&gt;&lt;Column Name=&quot;Ident_UNSRoot&quot; Display=&quot;CyberArk&quot;&gt;&lt;Value&gt;CyberArk&lt;/Value&gt;&lt;/Column&gt;&lt;Column Name=&quot;isMemberOfEnabled&quot; Display=&quot;False&quot;&gt;&lt;Value&gt;False&lt;/Value&gt;&lt;/Column&gt;&lt;Column Name=&quot;IsNoWrite&quot; Display=&quot;False&quot;&gt;&lt;Value&gt;False&lt;/Value&gt;&lt;/Column&gt;&lt;Column Name=&quot;MatchPatternDisplay&quot; Display=&quot;&amp;lt;MatchPatternDisplay /&amp;gt;&quot;&gt;&lt;Value&gt;&amp;lt;MatchPatternDisplay /&amp;gt;&lt;/Value&gt;&lt;/Column&gt;&lt;Column Name=&quot;NamespaceManagedBy&quot; Display=&quot;No synchronization&quot;&gt;&lt;Value&gt;ReadOnly&lt;/Value&gt;&lt;/Column&gt;&lt;Column Name=&quot;UID_AERoleOwner&quot; Display=&quot;Custom target systems&quot;&gt;&lt;Key&gt;&lt;Table Name=&quot;AERole&quot; Display=&quot;Custom target systems&quot; Key=&quot;TSB-AEROLE-NAMESPACEADMIN-UNSB&quot;&gt;&lt;Prop Name=&quot;UID_AERole&quot;&gt;&lt;Value&gt;TSB-AEROLE-NAMESPACEADMIN-UNSB&lt;/Value&gt;&lt;/Prop&gt;&lt;/Table&gt;&lt;/Key&gt;&lt;/Column&gt;&lt;Column Name=&quot;UID_DPRNameSpace&quot; Display=&quot;CyberArk&quot;&gt;&lt;Key&gt;&lt;Table Name=&quot;DPRNameSpace&quot; Display=&quot;CyberArk&quot; Key=&quot;9882e26d-a51d-4467-8d93-5996e8e3f0f0&quot;&gt;&lt;Prop Name=&quot;UID_DPRNameSpace&quot;&gt;&lt;Value&gt;9882e26d-a51d-4467-8d93-5996e8e3f0f0&lt;/Value&gt;&lt;/Prop&gt;&lt;/Table&gt;&lt;/Key&gt;&lt;/Column&gt;&lt;Column Name=&quot;UID_SyncServer&quot;&gt;&lt;Value&gt;&lt;/Value&gt;&lt;/Column&gt;&lt;Column Name=&quot;UID_TSBAccountDef&quot;&gt;&lt;Value&gt;&lt;/Value&gt;&lt;/Column&gt;&lt;Column Name=&quot;UID_UNSRootB&quot; Display=&quot;741001a9-718a-49a8-a2fb-e360b2fc3f06&quot;&gt;&lt;Value&gt;741001a9-718a-49a8-a2fb-e360b2fc3f06&lt;/Value&gt;&lt;/Column&gt;&lt;Column Name=&quot;UsesContainer&quot; Display=&quot;True&quot;&gt;&lt;Value&gt;True&lt;/Value&gt;&lt;/Column&gt;&lt;Column Name=&quot;XDateInserted&quot; Display=&quot;3/17/2021 9:42:44 AM&quot;&gt;&lt;Value&gt;2021-03-17T16:42:44.3170000Z&lt;/Value&gt;&lt;/Column&gt;&lt;Column Name=&quot;XDateUpdated&quot; Display=&quot;3/23/2021 11:13:20 AM&quot;&gt;&lt;Value&gt;2021-03-23T18:13:20.7000000Z&lt;/Value&gt;&lt;/Column&gt;&lt;Column Name=&quot;XMarkedForDeletion&quot;&gt;&lt;Value&gt;0&lt;/Value&gt;&lt;/Column&gt;&lt;Column Name=&quot;XObjectKey&quot; Display=&quot;&amp;lt;Key&amp;gt;&amp;lt;T&amp;gt;UNSRootB&amp;lt;/T&amp;gt;&amp;lt;P&amp;gt;741001a9-718a-49a8-a2fb-e360b2fc3f06&amp;lt;/P&amp;gt;&amp;lt;/Key&amp;gt;&quot;&gt;&lt;Value&gt;&amp;lt;Key&amp;gt;&amp;lt;T&amp;gt;UNSRootB&amp;lt;/T&amp;gt;&amp;lt;P&amp;gt;741001a9-718a-49a8-a2fb-e360b2fc3f06&amp;lt;/P&amp;gt;&amp;lt;/Key&amp;gt;&lt;/Value&gt;&lt;/Column&gt;&lt;Column Name=&quot;XTouched&quot;&gt;&lt;Value&gt;&lt;/Value&gt;&lt;/Column&gt;&lt;Column Name=&quot;XUserInserted&quot; Display=&quot;Paul&quot;&gt;&lt;Value&gt;Paul&lt;/Value&gt;&lt;/Column&gt;&lt;Column Name=&quot;XUserUpdated&quot; Display=&quot;Paul&quot;&gt;&lt;Value&gt;Paul&lt;/Value&gt;&lt;/Column&gt;&lt;/Columns&gt;&lt;/DbObject&gt;&lt;DbObject Display=&quot;CyberArk Account Def&quot; Version=&quot;2&quot;&gt;&lt;Key&gt;&lt;Table Name=&quot;TSBAccountDef&quot; Display=&quot;CyberArk Account Def&quot; Key=&quot;f7018108-d8e0-4d09-8379-79b5edb4f2a8&quot;&gt;&lt;Prop Name=&quot;UID_TSBAccountDef&quot;&gt;&lt;Value&gt;f7018108-d8e0-4d09-8379-79b5edb4f2a8&lt;/Value&gt;&lt;/Prop&gt;&lt;/Table&gt;&lt;/Key&gt;&lt;Columns&gt;&lt;Column Name=&quot;CustomProperty01&quot;&gt;&lt;Value&gt;&lt;/Value&gt;&lt;/Column&gt;&lt;Column Name=&quot;CustomProperty02&quot;&gt;&lt;Value&gt;&lt;/Value&gt;&lt;/Column&gt;&lt;Column Name=&quot;CustomProperty03&quot;&gt;&lt;Value&gt;&lt;/Value&gt;&lt;/Column&gt;&lt;Column Name=&quot;CustomProperty04&quot;&gt;&lt;Value&gt;&lt;/Value&gt;&lt;/Column&gt;&lt;Column Name=&quot;CustomProperty05&quot;&gt;&lt;Value&gt;&lt;/Value&gt;&lt;/Column&gt;&lt;Column Name=&quot;CustomProperty06&quot;&gt;&lt;Value&gt;&lt;/Value&gt;&lt;/Column&gt;&lt;Column Name=&quot;CustomProperty07&quot;&gt;&lt;Value&gt;&lt;/Value&gt;&lt;/Column&gt;&lt;Column Name=&quot;CustomProperty08&quot;&gt;&lt;Value&gt;&lt;/Value&gt;&lt;/Column&gt;&lt;Column Name=&quot;CustomProperty09&quot;&gt;&lt;Value&gt;&lt;/Value&gt;&lt;/Column&gt;&lt;Column Name=&quot;CustomProperty10&quot;&gt;&lt;Value&gt;&lt;/Value&gt;&lt;/Column&gt;&lt;Column Name=&quot;Description&quot;&gt;&lt;Value&gt;&lt;/Value&gt;&lt;/Column&gt;&lt;Column Name=&quot;Ident_TSBAccountDef&quot; Display=&quot;CyberArk Account Def&quot;&gt;&lt;Value&gt;CyberArk Account Def&lt;/Value&gt;&lt;/Column&gt;&lt;Column Name=&quot;IsAutoAssignToPerson&quot; Display=&quot;False&quot;&gt;&lt;Value&gt;False&lt;/Value&gt;&lt;/Column&gt;&lt;Column Name=&quot;IsForITShop&quot; Display=&quot;True&quot;&gt;&lt;Value&gt;True&lt;/Value&gt;&lt;/Column&gt;&lt;Column Name=&quot;IsITShopOnly&quot; Display=&quot;False&quot;&gt;&lt;Value&gt;False&lt;/Value&gt;&lt;/Column&gt;&lt;Column Name=&quot;ObjectKeyTargetSystem&quot; Display=&quot;CyberArk (CyberArk)&quot;&gt;&lt;Key&gt;&lt;Table Name=&quot;UNSRootB&quot; Display=&quot;CyberArk (CyberArk)&quot; Key=&quot;741001a9-718a-49a8-a2fb-e360b2fc3f06&quot;&gt;&lt;Prop Name=&quot;UID_UNSRootB&quot;&gt;&lt;Value&gt;741001a9-718a-49a8-a2fb-e360b2fc3f06&lt;/Value&gt;&lt;/Prop&gt;&lt;/Table&gt;&lt;/Key&gt;&lt;/Column&gt;&lt;Column Name=&quot;PFDInheritAccountDef&quot; Display=&quot;True&quot;&gt;&lt;Value&gt;True&lt;/Value&gt;&lt;/Column&gt;&lt;Column Name=&quot;PMDInheritAccountDef&quot; Display=&quot;True&quot;&gt;&lt;Value&gt;True&lt;/Value&gt;&lt;/Column&gt;&lt;Column Name=&quot;PSIInheritAccountDef&quot; Display=&quot;False&quot;&gt;&lt;Value&gt;False&lt;/Value&gt;&lt;/Column&gt;&lt;Column Name=&quot;PTDInheritAccountDef&quot; Display=&quot;True&quot;&gt;&lt;Value&gt;True&lt;/Value&gt;&lt;/Column&gt;&lt;Column Name=&quot;RiskIndex&quot; Display=&quot;0.00&quot;&gt;&lt;Value&gt;0&lt;/Value&gt;&lt;/Column&gt;&lt;Column Name=&quot;UID_AccProduct&quot; Display=&quot;CyberArk Account&quot;&gt;&lt;Key&gt;&lt;Table Name=&quot;AccProduct&quot; Display=&quot;CyberArk Account&quot; Key=&quot;c6510fa1-7626-4300-aad9-c9d77bf6378f&quot;&gt;&lt;Prop Name=&quot;UID_AccProduct&quot;&gt;&lt;Value&gt;c6510fa1-7626-4300-aad9-c9d77bf6378f&lt;/Value&gt;&lt;/Prop&gt;&lt;/Table&gt;&lt;/Key&gt;&lt;/Column&gt;&lt;Column Name=&quot;UID_DialogTableAccountType&quot; Display=&quot;UNSAccountB&quot;&gt;&lt;Key&gt;&lt;Table Name=&quot;DialogTable&quot; Display=&quot;UNSAccountB&quot; Key=&quot;TSB-T-UNSAccountB&quot;&gt;&lt;Prop Name=&quot;UID_DialogTable&quot;&gt;&lt;Value&gt;TSB-T-UNSAccountB&lt;/Value&gt;&lt;/Prop&gt;&lt;/Table&gt;&lt;/Key&gt;&lt;/Column&gt;&lt;Column Name=&quot;UID_QERResourceType&quot; Display=&quot;CyberArk&quot;&gt;&lt;Key&gt;&lt;Table Name=&quot;QERResourceType&quot; Display=&quot;CyberArk&quot; Key=&quot;3572948c-d7e7-4a62-866c-f03e194d87d7&quot;&gt;&lt;Prop Name=&quot;UID_QERResourceType&quot;&gt;&lt;Value&gt;3572948c-d7e7-4a62-866c-f03e194d87d7&lt;/Value&gt;&lt;/Prop&gt;&lt;/Table&gt;&lt;/Key&gt;&lt;/Column&gt;&lt;Column Name=&quot;UID_TSBAccountDef&quot; Display=&quot;f7018108-d8e0-4d09-8379-79b5edb4f2a8&quot;&gt;&lt;Value&gt;f7018108-d8e0-4d09-8379-79b5edb4f2a8&lt;/Value&gt;&lt;/Column&gt;&lt;Column Name=&quot;UID_TSBAccountDefPredecessor&quot;&gt;&lt;Value&gt;&lt;/Value&gt;&lt;/Column&gt;&lt;Column Name=&quot;UID_TSBBehaviorDefault&quot; Display=&quot;Full managed&quot;&gt;&lt;Key&gt;&lt;Table Name=&quot;TSBBehavior&quot; Display=&quot;Full managed&quot; Key=&quot;TSB-FullManaged&quot;&gt;&lt;Prop Name=&quot;UID_TSBBehavior&quot;&gt;&lt;Value&gt;TSB-FullManaged&lt;/Value&gt;&lt;/Prop&gt;&lt;/Table&gt;&lt;/Key&gt;&lt;/Column&gt;&lt;Column Name=&quot;XDateInserted&quot; Display=&quot;3/25/2021 1:25:54 PM&quot;&gt;&lt;Value&gt;2021-03-25T20:25:54.6530000Z&lt;/Value&gt;&lt;/Column&gt;&lt;Column Name=&quot;XDateUpdated&quot; Display=&quot;3/25/2021 1:26:47 PM&quot;&gt;&lt;Value&gt;2021-03-25T20:26:47.3700000Z&lt;/Value&gt;&lt;/Column&gt;&lt;Column Name=&quot;XMarkedForDeletion&quot;&gt;&lt;Value&gt;0&lt;/Value&gt;&lt;/Column&gt;&lt;Column Name=&quot;XObjectKey&quot; Display=&quot;&amp;lt;Key&amp;gt;&amp;lt;T&amp;gt;TSBAccountDef&amp;lt;/T&amp;gt;&amp;lt;P&amp;gt;f7018108-d8e0-4d09-8379-79b5edb4f2a8&amp;lt;/P&amp;gt;&amp;lt;/Key&amp;gt;&quot;&gt;&lt;Value&gt;&amp;lt;Key&amp;gt;&amp;lt;T&amp;gt;TSBAccountDef&amp;lt;/T&amp;gt;&amp;lt;P&amp;gt;f7018108-d8e0-4d09-8379-79b5edb4f2a8&amp;lt;/P&amp;gt;&amp;lt;/Key&amp;gt;&lt;/Value&gt;&lt;/Column&gt;&lt;Column Name=&quot;XTouched&quot;&gt;&lt;Value&gt;&lt;/Value&gt;&lt;/Column&gt;&lt;Column Name=&quot;XUserInserted&quot; Display=&quot;Paul&quot;&gt;&lt;Value&gt;Paul&lt;/Value&gt;&lt;/Column&gt;&lt;Column Name=&quot;XUserUpdated&quot; Display=&quot;Paul&quot;&gt;&lt;Value&gt;Paul&lt;/Value&gt;&lt;/Column&gt;&lt;/Columns&gt;&lt;/DbObject&gt;&lt;DbObject Display=&quot;CyberArk&quot; Version=&quot;2&quot;&gt;&lt;Key&gt;&lt;Table Name=&quot;DPRNameSpace&quot; Display=&quot;CyberArk&quot; Key=&quot;9882e26d-a51d-4467-8d93-5996e8e3f0f0&quot;&gt;&lt;Prop Name=&quot;UID_DPRNameSpace&quot;&gt;&lt;Value&gt;9882e26d-a51d-4467-8d93-5996e8e3f0f0&lt;/Value&gt;&lt;/Prop&gt;&lt;/Table&gt;&lt;/Key&gt;&lt;Columns&gt;&lt;Column Name=&quot;AdditionalSystemTypes&quot;&gt;&lt;Value&gt;&lt;/Value&gt;&lt;/Column&gt;&lt;Column Name=&quot;Description&quot;&gt;&lt;Value&gt;&lt;/Value&gt;&lt;/Column&gt;&lt;Column Name=&quot;DisplayName&quot; Display=&quot;CyberArk&quot;&gt;&lt;Value&gt;CyberArk&lt;/Value&gt;&lt;/Column&gt;&lt;Column Name=&quot;FilterDesignerText&quot; Display=&quot;in the target system&quot;&gt;&lt;Value&gt;in the target system&lt;/Value&gt;&lt;/Column&gt;&lt;Column Name=&quot;Ident_DPRNameSpace&quot; Display=&quot;CyberArk&quot;&gt;&lt;Value&gt;CyberArk&lt;/Value&gt;&lt;/Column&gt;&lt;Column Name=&quot;IsExtendedInheritance&quot; Display=&quot;False&quot;&gt;&lt;Value&gt;False&lt;/Value&gt;&lt;/Column&gt;&lt;Column Name=&quot;IsFilterDesignerEnabled&quot; Display=&quot;True&quot;&gt;&lt;Value&gt;True&lt;/Value&gt;&lt;/Column&gt;&lt;Column Name=&quot;UID_DPRNameSpace&quot; Display=&quot;9882e26d-a51d-4467-8d93-5996e8e3f0f0&quot;&gt;&lt;Value&gt;9882e26d-a51d-4467-8d93-5996e8e3f0f0&lt;/Value&gt;&lt;/Column&gt;&lt;Column Name=&quot;XDateInserted&quot; Display=&quot;3/16/2021 11:54:02 AM&quot;&gt;&lt;Value&gt;2021-03-16T18:54:02.9400000Z&lt;/Value&gt;&lt;/Column&gt;&lt;Column Name=&quot;XDateUpdated&quot; Display=&quot;3/16/2021 11:54:02 AM&quot;&gt;&lt;Value&gt;2021-03-16T18:54:02.9400000Z&lt;/Value&gt;&lt;/Column&gt;&lt;Column Name=&quot;XMarkedForDeletion&quot;&gt;&lt;Value&gt;0&lt;/Value&gt;&lt;/Column&gt;&lt;Column Name=&quot;XObjectKey&quot; Display=&quot;&amp;lt;Key&amp;gt;&amp;lt;T&amp;gt;DPRNameSpace&amp;lt;/T&amp;gt;&amp;lt;P&amp;gt;9882e26d-a51d-4467-8d93-5996e8e3f0f0&amp;lt;/P&amp;gt;&amp;lt;/Key&amp;gt;&quot;&gt;&lt;Value&gt;&amp;lt;Key&amp;gt;&amp;lt;T&amp;gt;DPRNameSpace&amp;lt;/T&amp;gt;&amp;lt;P&amp;gt;9882e26d-a51d-4467-8d93-5996e8e3f0f0&amp;lt;/P&amp;gt;&amp;lt;/Key&amp;gt;&lt;/Value&gt;&lt;/Column&gt;&lt;Column Name=&quot;XTouched&quot;&gt;&lt;Value&gt;&lt;/Value&gt;&lt;/Column&gt;&lt;Column Name=&quot;XUserInserted&quot; Display=&quot;Paul&quot;&gt;&lt;Value&gt;Paul&lt;/Value&gt;&lt;/Column&gt;&lt;Column Name=&quot;XUserUpdated&quot; Display=&quot;Paul&quot;&gt;&lt;Value&gt;Paul&lt;/Value&gt;&lt;/Column&gt;&lt;/Columns&gt;&lt;/DbObject&gt;&lt;/DbObjects&gt;">
               <Value>&lt;DbObjects&gt;&lt;DbObject Display="CyberArk (CyberArk)" Version="2"&gt;&lt;Key&gt;&lt;Table Name="UNSRootB" Display="CyberArk (CyberArk)" Key="741001a9-718a-49a8-a2fb-e360b2fc3f06"&gt;&lt;Prop Name="UID_UNSRootB"&gt;&lt;Value&gt;741001a9-718a-49a8-a2fb-e360b2fc3f06&lt;/Value&gt;&lt;/Prop&gt;&lt;/Table&gt;&lt;/Key&gt;&lt;Columns&gt;&lt;Column Name="AccountToPersonMatchingRule" Display="&amp;lt;MatchingRules Version=&amp;quot;2.0&amp;quot;&amp;gt;&amp;#xD;&amp;#xA;&amp;#x9;&amp;lt;ObjectClass Name=&amp;quot;UNSAccountB&amp;quot;&amp;gt;&amp;#xD;&amp;#xA;&amp;#x9;&amp;#x9;&amp;lt;And&amp;gt;&amp;#xD;&amp;#xA;&amp;#x9;&amp;#x9;&amp;#x9;&amp;lt;Rule PersonColumn=&amp;quot;CentralAccount&amp;quot; ApplyTemplateForPerson=&amp;quot;True&amp;quot; AccountColumn=&amp;quot;AccountName&amp;quot; AccountTable=&amp;quot;UNSAccountB&amp;quot; ApplyTemplateForAccount=&amp;quot;True&amp;quot; /&amp;gt;&amp;#xD;&amp;#xA;&amp;#x9;&amp;#x9;&amp;lt;/And&amp;gt;&amp;#xD;&amp;#xA;&amp;#x9;&amp;lt;/ObjectClass&amp;gt;&amp;#xD;&amp;#xA;&amp;lt;/MatchingRules&amp;gt;&amp;#xD;&amp;#xA;"&gt;&lt;Value&gt;&amp;lt;MatchingRules Version="2.0"&amp;gt;
	&amp;lt;ObjectClass Name="UNSAccountB"&amp;gt;
		&amp;lt;And&amp;gt;
			&amp;lt;Rule PersonColumn="CentralAccount" ApplyTemplateForPerson="True" AccountColumn="AccountName" AccountTable="UNSAccountB" ApplyTemplateForAccount="True" /&amp;gt;
		&amp;lt;/And&amp;gt;
	&amp;lt;/ObjectClass&amp;gt;
&amp;lt;/MatchingRules&amp;gt;
&lt;/Value&gt;&lt;/Column&gt;&lt;Column Name="AlternatePropertyCaptions" Display="&amp;lt;?xml version=&amp;quot;1.0&amp;quot; encoding=&amp;quot;utf-16&amp;quot;?&amp;gt;&amp;#xD;&amp;#xA;&amp;lt;AlternatePropertyCaptions&amp;gt;&amp;#xD;&amp;#xA;&amp;#x9;&amp;lt;Table Name=&amp;quot;UNSContainerB&amp;quot; /&amp;gt;&amp;#xD;&amp;#xA;&amp;#x9;&amp;lt;Table Name=&amp;quot;UNSGroupB&amp;quot; /&amp;gt;&amp;#xD;&amp;#xA;&amp;#x9;&amp;lt;Table Name=&amp;quot;UNSItemB&amp;quot; /&amp;gt;&amp;#xD;&amp;#xA;&amp;#x9;&amp;lt;Table Name=&amp;quot;UNSAccountB&amp;quot; /&amp;gt;&amp;#xD;&amp;#xA;&amp;lt;/AlternatePropertyCaptions&amp;gt;"&gt;&lt;Value&gt;&amp;lt;?xml version="1.0" encoding="utf-16"?&amp;gt;
&amp;lt;AlternatePropertyCaptions&amp;gt;
	&amp;lt;Table Name="UNSContainerB" /&amp;gt;
	&amp;lt;Table Name="UNSGroupB" /&amp;gt;
	&amp;lt;Table Name="UNSItemB" /&amp;gt;
	&amp;lt;Table Name="UNSAccountB" /&amp;gt;
&amp;lt;/AlternatePropertyCaptions&amp;gt;&lt;/Value&gt;&lt;/Column&gt;&lt;Column Name="CanonicalName" Display="http:\/\/185.64.246.175:8080\/CyberArk\/scim\/v2"&gt;&lt;Value&gt;http:\/\/185.64.246.175:8080\/CyberArk\/scim\/v2&lt;/Value&gt;&lt;/Column&gt;&lt;Column Name="Description"&gt;&lt;Value&gt;&lt;/Value&gt;&lt;/Column&gt;&lt;Column Name="DisplayName" Display="CyberArk"&gt;&lt;Value&gt;CyberArk&lt;/Value&gt;&lt;/Column&gt;&lt;Column Name="DistinguishedName" Display="DC=http://185.64.246.175:8080/CyberArk/scim/v2"&gt;&lt;Value&gt;DC=http://185.64.246.175:8080/CyberArk/scim/v2&lt;/Value&gt;&lt;/Column&gt;&lt;Column Name="Ident_UNSRoot" Display="CyberArk"&gt;&lt;Value&gt;CyberArk&lt;/Value&gt;&lt;/Column&gt;&lt;Column Name="isMemberOfEnabled" Display="False"&gt;&lt;Value&gt;False&lt;/Value&gt;&lt;/Column&gt;&lt;Column Name="IsNoWrite" Display="False"&gt;&lt;Value&gt;False&lt;/Value&gt;&lt;/Column&gt;&lt;Column Name="MatchPatternDisplay" Display="&amp;lt;MatchPatternDisplay /&amp;gt;"&gt;&lt;Value&gt;&amp;lt;MatchPatternDisplay /&amp;gt;&lt;/Value&gt;&lt;/Column&gt;&lt;Column Name="NamespaceManagedBy" Display="No synchronization"&gt;&lt;Value&gt;ReadOnly&lt;/Value&gt;&lt;/Column&gt;&lt;Column Name="UID_AERoleOwner" Display="Custom target systems"&gt;&lt;Key&gt;&lt;Table Name="AERole" Display="Custom target systems" Key="TSB-AEROLE-NAMESPACEADMIN-UNSB"&gt;&lt;Prop Name="UID_AERole"&gt;&lt;Value&gt;TSB-AEROLE-NAMESPACEADMIN-UNSB&lt;/Value&gt;&lt;/Prop&gt;&lt;/Table&gt;&lt;/Key&gt;&lt;/Column&gt;&lt;Column Name="UID_DPRNameSpace" Display="CyberArk"&gt;&lt;Key&gt;&lt;Table Name="DPRNameSpace" Display="CyberArk" Key="9882e26d-a51d-4467-8d93-5996e8e3f0f0"&gt;&lt;Prop Name="UID_DPRNameSpace"&gt;&lt;Value&gt;9882e26d-a51d-4467-8d93-5996e8e3f0f0&lt;/Value&gt;&lt;/Prop&gt;&lt;/Table&gt;&lt;/Key&gt;&lt;/Column&gt;&lt;Column Name="UID_SyncServer"&gt;&lt;Value&gt;&lt;/Value&gt;&lt;/Column&gt;&lt;Column Name="UID_TSBAccountDef"&gt;&lt;Value&gt;&lt;/Value&gt;&lt;/Column&gt;&lt;Column Name="UID_UNSRootB" Display="741001a9-718a-49a8-a2fb-e360b2fc3f06"&gt;&lt;Value&gt;741001a9-718a-49a8-a2fb-e360b2fc3f06&lt;/Value&gt;&lt;/Column&gt;&lt;Column Name="UsesContainer" Display="True"&gt;&lt;Value&gt;True&lt;/Value&gt;&lt;/Column&gt;&lt;Column Name="XDateInserted" Display="3/17/2021 9:42:44 AM"&gt;&lt;Value&gt;2021-03-17T16:42:44.3170000Z&lt;/Value&gt;&lt;/Column&gt;&lt;Column Name="XDateUpdated" Display="3/23/2021 11:13:20 AM"&gt;&lt;Value&gt;2021-03-23T18:13:20.7000000Z&lt;/Value&gt;&lt;/Column&gt;&lt;Column Name="XMarkedForDeletion"&gt;&lt;Value&gt;0&lt;/Value&gt;&lt;/Column&gt;&lt;Column Name="XObjectKey" Display="&amp;lt;Key&amp;gt;&amp;lt;T&amp;gt;UNSRootB&amp;lt;/T&amp;gt;&amp;lt;P&amp;gt;741001a9-718a-49a8-a2fb-e360b2fc3f06&amp;lt;/P&amp;gt;&amp;lt;/Key&amp;gt;"&gt;&lt;Value&gt;&amp;lt;Key&amp;gt;&amp;lt;T&amp;gt;UNSRootB&amp;lt;/T&amp;gt;&amp;lt;P&amp;gt;741001a9-718a-49a8-a2fb-e360b2fc3f06&amp;lt;/P&amp;gt;&amp;lt;/Key&amp;gt;&lt;/Value&gt;&lt;/Column&gt;&lt;Column Name="XTouched"&gt;&lt;Value&gt;&lt;/Value&gt;&lt;/Column&gt;&lt;Column Name="XUserInserted" Display="Paul"&gt;&lt;Value&gt;Paul&lt;/Value&gt;&lt;/Column&gt;&lt;Column Name="XUserUpdated" Display="Paul"&gt;&lt;Value&gt;Paul&lt;/Value&gt;&lt;/Column&gt;&lt;/Columns&gt;&lt;/DbObject&gt;&lt;DbObject Display="CyberArk Account Def" Version="2"&gt;&lt;Key&gt;&lt;Table Name="TSBAccountDef" Display="CyberArk Account Def" Key="f7018108-d8e0-4d09-8379-79b5edb4f2a8"&gt;&lt;Prop Name="UID_TSBAccountDef"&gt;&lt;Value&gt;f7018108-d8e0-4d09-8379-79b5edb4f2a8&lt;/Value&gt;&lt;/Prop&gt;&lt;/Table&gt;&lt;/Key&gt;&lt;Columns&gt;&lt;Column Name="CustomProperty01"&gt;&lt;Value&gt;&lt;/Value&gt;&lt;/Column&gt;&lt;Column Name="CustomProperty02"&gt;&lt;Value&gt;&lt;/Value&gt;&lt;/Column&gt;&lt;Column Name="CustomProperty03"&gt;&lt;Value&gt;&lt;/Value&gt;&lt;/Column&gt;&lt;Column Name="CustomProperty04"&gt;&lt;Value&gt;&lt;/Value&gt;&lt;/Column&gt;&lt;Column Name="CustomProperty05"&gt;&lt;Value&gt;&lt;/Value&gt;&lt;/Column&gt;&lt;Column Name="CustomProperty06"&gt;&lt;Value&gt;&lt;/Value&gt;&lt;/Column&gt;&lt;Column Name="CustomProperty07"&gt;&lt;Value&gt;&lt;/Value&gt;&lt;/Column&gt;&lt;Column Name="CustomProperty08"&gt;&lt;Value&gt;&lt;/Value&gt;&lt;/Column&gt;&lt;Column Name="CustomProperty09"&gt;&lt;Value&gt;&lt;/Value&gt;&lt;/Column&gt;&lt;Column Name="CustomProperty10"&gt;&lt;Value&gt;&lt;/Value&gt;&lt;/Column&gt;&lt;Column Name="Description"&gt;&lt;Value&gt;&lt;/Value&gt;&lt;/Column&gt;&lt;Column Name="Ident_TSBAccountDef" Display="CyberArk Account Def"&gt;&lt;Value&gt;CyberArk Account Def&lt;/Value&gt;&lt;/Column&gt;&lt;Column Name="IsAutoAssignToPerson" Display="False"&gt;&lt;Value&gt;False&lt;/Value&gt;&lt;/Column&gt;&lt;Column Name="IsForITShop" Display="True"&gt;&lt;Value&gt;True&lt;/Value&gt;&lt;/Column&gt;&lt;Column Name="IsITShopOnly" Display="False"&gt;&lt;Value&gt;False&lt;/Value&gt;&lt;/Column&gt;&lt;Column Name="ObjectKeyTargetSystem" Display="CyberArk (CyberArk)"&gt;&lt;Key&gt;&lt;Table Name="UNSRootB" Display="CyberArk (CyberArk)" Key="741001a9-718a-49a8-a2fb-e360b2fc3f06"&gt;&lt;Prop Name="UID_UNSRootB"&gt;&lt;Value&gt;741001a9-718a-49a8-a2fb-e360b2fc3f06&lt;/Value&gt;&lt;/Prop&gt;&lt;/Table&gt;&lt;/Key&gt;&lt;/Column&gt;&lt;Column Name="PFDInheritAccountDef" Display="True"&gt;&lt;Value&gt;True&lt;/Value&gt;&lt;/Column&gt;&lt;Column Name="PMDInheritAccountDef" Display="True"&gt;&lt;Value&gt;True&lt;/Value&gt;&lt;/Column&gt;&lt;Column Name="PSIInheritAccountDef" Display="False"&gt;&lt;Value&gt;False&lt;/Value&gt;&lt;/Column&gt;&lt;Column Name="PTDInheritAccountDef" Display="True"&gt;&lt;Value&gt;True&lt;/Value&gt;&lt;/Column&gt;&lt;Column Name="RiskIndex" Display="0.00"&gt;&lt;Value&gt;0&lt;/Value&gt;&lt;/Column&gt;&lt;Column Name="UID_AccProduct" Display="CyberArk Account"&gt;&lt;Key&gt;&lt;Table Name="AccProduct" Display="CyberArk Account" Key="c6510fa1-7626-4300-aad9-c9d77bf6378f"&gt;&lt;Prop Name="UID_AccProduct"&gt;&lt;Value&gt;c6510fa1-7626-4300-aad9-c9d77bf6378f&lt;/Value&gt;&lt;/Prop&gt;&lt;/Table&gt;&lt;/Key&gt;&lt;/Column&gt;&lt;Column Name="UID_DialogTableAccountType" Display="UNSAccountB"&gt;&lt;Key&gt;&lt;Table Name="DialogTable" Display="UNSAccountB" Key="TSB-T-UNSAccountB"&gt;&lt;Prop Name="UID_DialogTable"&gt;&lt;Value&gt;TSB-T-UNSAccountB&lt;/Value&gt;&lt;/Prop&gt;&lt;/Table&gt;&lt;/Key&gt;&lt;/Column&gt;&lt;Column Name="UID_QERResourceType" Display="CyberArk"&gt;&lt;Key&gt;&lt;Table Name="QERResourceType" Display="CyberArk" Key="3572948c-d7e7-4a62-866c-f03e194d87d7"&gt;&lt;Prop Name="UID_QERResourceType"&gt;&lt;Value&gt;3572948c-d7e7-4a62-866c-f03e194d87d7&lt;/Value&gt;&lt;/Prop&gt;&lt;/Table&gt;&lt;/Key&gt;&lt;/Column&gt;&lt;Column Name="UID_TSBAccountDef" Display="f7018108-d8e0-4d09-8379-79b5edb4f2a8"&gt;&lt;Value&gt;f7018108-d8e0-4d09-8379-79b5edb4f2a8&lt;/Value&gt;&lt;/Column&gt;&lt;Column Name="UID_TSBAccountDefPredecessor"&gt;&lt;Value&gt;&lt;/Value&gt;&lt;/Column&gt;&lt;Column Name="UID_TSBBehaviorDefault" Display="Full managed"&gt;&lt;Key&gt;&lt;Table Name="TSBBehavior" Display="Full managed" Key="TSB-FullManaged"&gt;&lt;Prop Name="UID_TSBBehavior"&gt;&lt;Value&gt;TSB-FullManaged&lt;/Value&gt;&lt;/Prop&gt;&lt;/Table&gt;&lt;/Key&gt;&lt;/Column&gt;&lt;Column Name="XDateInserted" Display="3/25/2021 1:25:54 PM"&gt;&lt;Value&gt;2021-03-25T20:25:54.6530000Z&lt;/Value&gt;&lt;/Column&gt;&lt;Column Name="XDateUpdated" Display="3/25/2021 1:26:47 PM"&gt;&lt;Value&gt;2021-03-25T20:26:47.3700000Z&lt;/Value&gt;&lt;/Column&gt;&lt;Column Name="XMarkedForDeletion"&gt;&lt;Value&gt;0&lt;/Value&gt;&lt;/Column&gt;&lt;Column Name="XObjectKey" Display="&amp;lt;Key&amp;gt;&amp;lt;T&amp;gt;TSBAccountDef&amp;lt;/T&amp;gt;&amp;lt;P&amp;gt;f7018108-d8e0-4d09-8379-79b5edb4f2a8&amp;lt;/P&amp;gt;&amp;lt;/Key&amp;gt;"&gt;&lt;Value&gt;&amp;lt;Key&amp;gt;&amp;lt;T&amp;gt;TSBAccountDef&amp;lt;/T&amp;gt;&amp;lt;P&amp;gt;f7018108-d8e0-4d09-8379-79b5edb4f2a8&amp;lt;/P&amp;gt;&amp;lt;/Key&amp;gt;&lt;/Value&gt;&lt;/Column&gt;&lt;Column Name="XTouched"&gt;&lt;Value&gt;&lt;/Value&gt;&lt;/Column&gt;&lt;Column Name="XUserInserted" Display="Paul"&gt;&lt;Value&gt;Paul&lt;/Value&gt;&lt;/Column&gt;&lt;Column Name="XUserUpdated" Display="Paul"&gt;&lt;Value&gt;Paul&lt;/Value&gt;&lt;/Column&gt;&lt;/Columns&gt;&lt;/DbObject&gt;&lt;DbObject Display="CyberArk" Version="2"&gt;&lt;Key&gt;&lt;Table Name="DPRNameSpace" Display="CyberArk" Key="9882e26d-a51d-4467-8d93-5996e8e3f0f0"&gt;&lt;Prop Name="UID_DPRNameSpace"&gt;&lt;Value&gt;9882e26d-a51d-4467-8d93-5996e8e3f0f0&lt;/Value&gt;&lt;/Prop&gt;&lt;/Table&gt;&lt;/Key&gt;&lt;Columns&gt;&lt;Column Name="AdditionalSystemTypes"&gt;&lt;Value&gt;&lt;/Value&gt;&lt;/Column&gt;&lt;Column Name="Description"&gt;&lt;Value&gt;&lt;/Value&gt;&lt;/Column&gt;&lt;Column Name="DisplayName" Display="CyberArk"&gt;&lt;Value&gt;CyberArk&lt;/Value&gt;&lt;/Column&gt;&lt;Column Name="FilterDesignerText" Display="in the target system"&gt;&lt;Value&gt;in the target system&lt;/Value&gt;&lt;/Column&gt;&lt;Column Name="Ident_DPRNameSpace" Display="CyberArk"&gt;&lt;Value&gt;CyberArk&lt;/Value&gt;&lt;/Column&gt;&lt;Column Name="IsExtendedInheritance" Display="False"&gt;&lt;Value&gt;False&lt;/Value&gt;&lt;/Column&gt;&lt;Column Name="IsFilterDesignerEnabled" Display="True"&gt;&lt;Value&gt;True&lt;/Value&gt;&lt;/Column&gt;&lt;Column Name="UID_DPRNameSpace" Display="9882e26d-a51d-4467-8d93-5996e8e3f0f0"&gt;&lt;Value&gt;9882e26d-a51d-4467-8d93-5996e8e3f0f0&lt;/Value&gt;&lt;/Column&gt;&lt;Column Name="XDateInserted" Display="3/16/2021 11:54:02 AM"&gt;&lt;Value&gt;2021-03-16T18:54:02.9400000Z&lt;/Value&gt;&lt;/Column&gt;&lt;Column Name="XDateUpdated" Display="3/16/2021 11:54:02 AM"&gt;&lt;Value&gt;2021-03-16T18:54:02.9400000Z&lt;/Value&gt;&lt;/Column&gt;&lt;Column Name="XMarkedForDeletion"&gt;&lt;Value&gt;0&lt;/Value&gt;&lt;/Column&gt;&lt;Column Name="XObjectKey" Display="&amp;lt;Key&amp;gt;&amp;lt;T&amp;gt;DPRNameSpace&amp;lt;/T&amp;gt;&amp;lt;P&amp;gt;9882e26d-a51d-4467-8d93-5996e8e3f0f0&amp;lt;/P&amp;gt;&amp;lt;/Key&amp;gt;"&gt;&lt;Value&gt;&amp;lt;Key&amp;gt;&amp;lt;T&amp;gt;DPRNameSpace&amp;lt;/T&amp;gt;&amp;lt;P&amp;gt;9882e26d-a51d-4467-8d93-5996e8e3f0f0&amp;lt;/P&amp;gt;&amp;lt;/Key&amp;gt;&lt;/Value&gt;&lt;/Column&gt;&lt;Column Name="XTouched"&gt;&lt;Value&gt;&lt;/Value&gt;&lt;/Column&gt;&lt;Column Name="XUserInserted" Display="Paul"&gt;&lt;Value&gt;Paul&lt;/Value&gt;&lt;/Column&gt;&lt;Column Name="XUserUpdated" Display="Paul"&gt;&lt;Value&gt;Paul&lt;/Value&gt;&lt;/Column&gt;&lt;/Columns&gt;&lt;/DbObject&gt;&lt;/DbObjects&gt;</Value>
            </Column>
            <Column Name="ObjectKey" Display="&lt;Key&gt;&lt;T&gt;UNSRootB&lt;/T&gt;&lt;P&gt;741001a9-718a-49a8-a2fb-e360b2fc3f06&lt;/P&gt;&lt;/Key&gt;">
               <Value>&lt;Key&gt;&lt;T&gt;UNSRootB&lt;/T&gt;&lt;P&gt;741001a9-718a-49a8-a2fb-e360b2fc3f06&lt;/P&gt;&lt;/Key&gt;</Value>
            </Column>
            <Column Name="SortOrder" Display="2393327595159552">
               <Value>2393327595159552</Value>
            </Column>
            <Column Name="UID_DialogTag" Display="CCC-7EB8468491D62449AC5332CA4DED4094">
               <Key>
                  <Table Name="DialogTag" Display="SCIM CyberArk Target System" Key="CCC-7EB8468491D62449AC5332CA4DED4094">
                     <Prop Name="UID_DialogTag">
                        <Value>CCC-7EB8468491D62449AC5332CA4DED4094</Value>
                     </Prop>
                  </Table>
               </Key>
            </Column>
            <Column Name="UID_QBMTaggedChange" Display="CCC-B85E845621C01647916F3D95B36C8202">
               <Value>CCC-B85E845621C01647916F3D95B36C8202</Value>
            </Column>
            <Column Name="XDateInserted" Display="4/1/2021 6:19:20 PM">
               <Value>2021-04-02T01:19:20.4330000Z</Value>
            </Column>
            <Column Name="XDateUpdated" Display="4/1/2021 6:19:20 PM">
               <Value>2021-04-02T01:19:20.4330000Z</Value>
            </Column>
            <Column Name="XMarkedForDeletion">
               <Value>0</Value>
            </Column>
            <Column Name="XObjectKey" Display="&lt;Key&gt;&lt;T&gt;QBMTaggedChange&lt;/T&gt;&lt;P&gt;CCC-B85E845621C01647916F3D95B36C8202&lt;/P&gt;&lt;/Key&gt;">
               <Value>&lt;Key&gt;&lt;T&gt;QBMTaggedChange&lt;/T&gt;&lt;P&gt;CCC-B85E845621C01647916F3D95B36C8202&lt;/P&gt;&lt;/Key&gt;</Value>
            </Column>
            <Column Name="XTouched">
               <Value />
            </Column>
            <Column Name="XUserInserted" Display="Paul">
               <Value>Paul</Value>
            </Column>
            <Column Name="XUserUpdated" Display="Paul">
               <Value>Paul</Value>
            </Column>
         </Columns>
      </DbObject>
   </DbObjects>
</Container>