<DBTransporter Version="3.0">
  <Header>
    <Parameter Name="Display">Q4KXKMC2\OneIMv81SP1</Parameter>
    <Parameter Name="Edition">STE</Parameter>
    <Parameter Name="Version">8.1</Parameter>
    <Parameter Name="DBSystem">MSSQL</Parameter>
    <Parameter Name="DBServer">Q4KXKMC2</Parameter>
    <Parameter Name="DBName">OneIMv81SP1</Parameter>
    <Parameter Name="UserDisplay">Paul</Parameter>
    <Parameter Name="UserName">Paul</Parameter>
    <Parameter Name="ExportDate">2021-04-09 10:37:05</Parameter>
    <Parameter Name="Description">CyberArk Sync Project</Parameter>
    <Parameter Name="Parts">Common</Parameter>
    <Parameter Name="Modules">CCC,QBM,DPR</Parameter>
  </Header>
  <Tasks>
    <Task Class="VI.Transport.DPR.ShellTransport, VI.Transport.DPR" Display="ShellTransport">
      <Parameter Name="Costs">S0|C5|D0</Parameter>
      <Parameter Name="TaskPath">ShellTransport</Parameter>
    </Task>
  </Tasks>
  <Modules>
    <Module Id="CCC" Name="Customer configured content" Version="8.1.4.179" />
    <Module Id="QBM" Name="Configuration Module" Version="8.1.4.179" />
    <Module Id="DPR" Name="Target System Synchronization Module" Version="8.1.4.179" />
  </Modules>
</DBTransporter>